source_ref_db	source_locus	source_gene	essentiality	matched_gene_id	match_type	match_status
PomBase	SPAC1002.04c	taf11	E	SPAC1002.04c.1:pep	locus_exact	matched
PomBase	SPAC1002.08c	mtf1	E	SPAC1002.08c.1:pep	locus_exact	matched
PomBase	SPAC1002.09c	dld1	E	SPAC1002.09c.1:pep	locus_exact	matched
PomBase	SPAC1002.10c	sgt1	E	SPAC1002.10c.1:pep	locus_exact	matched
PomBase	SPAC1002.11	gaa1	E	SPAC1002.11.1:pep	locus_exact	matched
PomBase	SPAC1002.13c	psu1	E	SPAC1002.13c.1:pep	locus_exact	matched
PomBase	SPAC1002.16c	SPAC1002.16c	E	SPAC1002.16c.1:pep	locus_exact	matched
PomBase	SPAC1006.02	asa1	E	SPAC1006.02.1:pep	locus_exact	matched
PomBase	SPAC1006.07	tif1	E	SPAC1006.07.1:pep	locus_exact	matched
PomBase	SPAC1006.08	etd1	E	SPAC1006.08.1:pep	locus_exact	matched
PomBase	SPAC1071.01c	pta1	E	SPAC1071.01c.1:pep	locus_exact	matched
PomBase	SPAC1071.10c	pma1	E	SPAC1071.10c.1:pep	locus_exact	matched
PomBase	SPAC1093.04c	cca1	E	SPAC1093.04c.1:pep	locus_exact	matched
PomBase	SPAC1093.05	hca4	E	SPAC1093.05.1:pep	locus_exact	matched
PomBase	SPAC10F6.02c	prp22	E	SPAC10F6.02c.1:pep	locus_exact	matched
PomBase	SPAC10F6.03c	cts1	E	SPAC10F6.03c.1:pep	locus_exact	matched
PomBase	SPAC10F6.09c	psm3	E	SPAC10F6.09c.1:pep	locus_exact	matched
PomBase	SPAC10F6.10	rio1	E	SPAC10F6.10.1:pep	locus_exact	matched
PomBase	SPAC110.03	cdc42	E	SPAC110.03.1:pep	locus_exact	matched
PomBase	SPAC110.04c	pss1	E	SPAC110.04c.1:pep	locus_exact	matched
PomBase	SPAC1142.04	noc201	E	SPAC1142.04.1:pep	locus_exact	matched
PomBase	SPAC11E3.02c	ync13	E	SPAC11E3.02c.1:pep	locus_exact	matched
PomBase	SPAC11E3.07	vma4	E	SPAC11E3.07.1:pep	locus_exact	matched
PomBase	SPAC11H11.06	arp2	E	SPAC11H11.06.1:pep	locus_exact	matched
PomBase	SPAC1250.01	snf21	E	SPAC1250.01.1:pep	locus_exact	matched
PomBase	SPAC1250.07	sfc7	E	SPAC1250.07.1:pep	locus_exact	matched
PomBase	SPAC12B10.02c	SPAC12B10.02c	E	SPAC12B10.02c.1:pep	locus_exact	matched
PomBase	SPAC12B10.08c	til1	E	SPAC12B10.08c.1:pep	locus_exact	matched
PomBase	SPAC12G12.02	efg1	E	SPAC12G12.02.1:pep	locus_exact	matched
PomBase	SPAC12G12.04	mcp60	E	SPAC12G12.04.1:pep	locus_exact	matched
PomBase	SPAC12G12.05c	taf9	E	SPAC12G12.05c.1:pep	locus_exact	matched
PomBase	SPAC12G12.06c	rcl1	E	SPAC12G12.06c.1:pep	locus_exact	matched
PomBase	SPAC12G12.08	mrpl6	E	SPAC12G12.08.1:pep	locus_exact	matched
PomBase	SPAC12G12.14c	pfs2	E	SPAC12G12.14c.1:pep	locus_exact	matched
PomBase	SPAC13A11.02c	erg11	E	SPAC13A11.02c.1:pep	locus_exact	matched
PomBase	SPAC13D6.05	alp11	E	SPAC13D6.05.1:pep	locus_exact	matched
PomBase	SPAC13F5.02c	taf7	E	SPAC13F5.02c.1:pep	locus_exact	matched
PomBase	SPAC13F5.06c	sec10	E	SPAC13F5.06c.1:pep	locus_exact	matched
PomBase	SPAC13G6.05c	trs33	E	SPAC13G6.05c.1:pep	locus_exact	matched
PomBase	SPAC13G6.11c	erg12	E	SPAC13G6.11c.1:pep	locus_exact	matched
PomBase	SPAC13G7.01c	erg7	E	SPAC13G7.01c.1:pep	locus_exact	matched
PomBase	SPAC13G7.08c	crb3	E	SPAC13G7.08c.1:pep	locus_exact	matched
PomBase	SPAC13G7.10	teb1	E	SPAC13G7.10.1:pep	locus_exact	matched
PomBase	SPAC1420.02c	cct5	E	SPAC1420.02c.1:pep	locus_exact	matched
PomBase	SPAC144.07c	gpn2	E	SPAC144.07c.1:pep	locus_exact	matched
PomBase	SPAC144.08	jac1	E	SPAC144.08.1:pep	locus_exact	matched
PomBase	SPAC144.09c	sfc2	E	SPAC144.09c.1:pep	locus_exact	matched
PomBase	SPAC144.10c	gwt1	E	SPAC144.10c.1:pep	locus_exact	matched
PomBase	SPAC144.12	rki1	E	SPAC144.12.1:pep	locus_exact	matched
PomBase	SPAC144.15c	cog1	E	SPAC144.15c.1:pep	locus_exact	matched
PomBase	SPAC144.16	cia2	E	SPAC144.16.1:pep	locus_exact	matched
PomBase	SPAC144.18	vrg4	E	SPAC144.18.1:pep	locus_exact	matched
PomBase	SPAC1486.03c	ntr1	E	SPAC1486.03c.1:pep	locus_exact	matched
PomBase	SPAC1486.05	nup189	E	SPAC1486.05.1:pep	locus_exact	matched
PomBase	SPAC1486.06	npt1	E	SPAC1486.06.1:pep	locus_exact	matched
PomBase	SPAC1486.07c	mrpl19	E	SPAC1486.07c.1:pep	locus_exact	matched
PomBase	SPAC1486.09	nob1	E	SPAC1486.09.1:pep	locus_exact	matched
PomBase	SPAC14C4.02c	smc5	E	SPAC14C4.02c.1:pep	locus_exact	matched
PomBase	SPAC1556.07	pmm1	E	SPAC1556.07.1:pep	locus_exact	matched
PomBase	SPAC1565.05	utp8	E	SPAC1565.05.1:pep	locus_exact	matched
PomBase	SPAC1565.06c	spg1	E	SPAC1565.06c.1:pep	locus_exact	matched
PomBase	SPAC1565.08	cdc48	E	SPAC1565.08.1:pep	locus_exact	matched
PomBase	SPAC15A10.01	atm1	E	SPAC15A10.01.1:pep	locus_exact	matched
PomBase	SPAC15A10.02	taf12	E	SPAC15A10.02.1:pep	locus_exact	matched
PomBase	SPAC15A10.04c	zpr1	E	SPAC15A10.04c.1:pep	locus_exact	matched
PomBase	SPAC15A10.12c	tca17	E	SPAC15A10.12c.1:pep	locus_exact	matched
PomBase	SPAC15E1.08	naa10	E	SPAC15E1.08.1:pep	locus_exact	matched
PomBase	SPAC15F9.03c	nxt2	E	SPAC15F9.03c.1:pep	locus_exact	matched
PomBase	SPAC16.02c	srp2	E	SPAC16.02c.1:pep	locus_exact	matched
PomBase	SPAC167.02	ptb1	E	SPAC167.02.1:pep	locus_exact	matched
PomBase	SPAC167.03c	snu66	E	SPAC167.03c.1:pep	locus_exact	matched
PomBase	SPAC1687.01	rpc19	E	SPAC1687.01.1:pep	locus_exact	matched
PomBase	SPAC1687.02	rce1	E	SPAC1687.02.1:pep	locus_exact	matched
PomBase	SPAC1687.03c	rfc4	E	SPAC1687.03c.1:pep	locus_exact	matched
PomBase	SPAC1687.04	mcb1	E	SPAC1687.04.1:pep	locus_exact	matched
PomBase	SPAC1687.11	spb1	E	SPAC1687.11.1:pep	locus_exact	matched
PomBase	SPAC1687.12c	coq4	E	SPAC1687.12c.1:pep	locus_exact	matched
PomBase	SPAC1687.18c	ssl3	E	SPAC1687.18c.1:pep	locus_exact	matched
PomBase	SPAC1687.20c	mis6	E	SPAC1687.20c.1:pep	locus_exact	matched
PomBase	SPAC16A10.06c	nse2	E	SPAC16A10.06c.1:pep	locus_exact	matched
PomBase	SPAC16C9.03	nmd3	E	SPAC16C9.03.1:pep	locus_exact	matched
PomBase	SPAC16E8.02	mpo1	E	SPAC16E8.02.1:pep	locus_exact	matched
PomBase	SPAC16E8.03	gna1	E	SPAC16E8.03.1:pep	locus_exact	matched
PomBase	SPAC16E8.04c	aro7	E	SPAC16E8.04c.1:pep	locus_exact	matched
PomBase	SPAC16E8.07c	vph1	E	SPAC16E8.07c.1:pep	locus_exact	matched
PomBase	SPAC16E8.10c	rsm7	E	SPAC16E8.10c.1:pep	locus_exact	matched
PomBase	SPAC16E8.11c	tfb1	E	SPAC16E8.11c.1:pep	locus_exact	matched
PomBase	SPAC16E8.15	tif45	E	SPAC16E8.15.1:pep	locus_exact	matched
PomBase	SPAC16E8.16	sua7	E	SPAC16E8.16.1:pep	locus_exact	matched
PomBase	SPAC1751.02c	rsm19	E	SPAC1751.02c.1:pep	locus_exact	matched
PomBase	SPAC1751.03	tif313	E	SPAC1751.03.1:pep	locus_exact	matched
PomBase	SPAC1782.03	saf3	E	SPAC1782.03.1:pep	locus_exact	matched
PomBase	SPAC1782.10c	nhp2	E	SPAC1782.10c.1:pep	locus_exact	matched
PomBase	SPAC1783.03	fta2	E	SPAC1783.03.1:pep	locus_exact	matched
PomBase	SPAC1786.03	cut11	E	SPAC1786.03.1:pep	locus_exact	matched
PomBase	SPAC17A2.03c	vma6	E	SPAC17A2.03c.1:pep	locus_exact	matched
PomBase	SPAC17A2.04c	cns1	E	SPAC17A2.04c.1:pep	locus_exact	matched
PomBase	SPAC17A2.08c	ntr2	E	SPAC17A2.08c.1:pep	locus_exact	matched
PomBase	SPAC17A5.03	rpl301	E	SPAC17A5.03.1:pep	locus_exact	matched
PomBase	SPAC17A5.06	ptr8	E	SPAC17A5.06.1:pep	locus_exact	matched
PomBase	SPAC17A5.07c	ulp2	E	SPAC17A5.07c.1:pep	locus_exact	matched
PomBase	SPAC17A5.12	ucp7	E	SPAC17A5.12.1:pep	locus_exact	matched
PomBase	SPAC17A5.13	fol2	E	SPAC17A5.13.1:pep	locus_exact	matched
PomBase	SPAC17A5.15c	gus1	E	SPAC17A5.15c.1:pep	locus_exact	matched
PomBase	SPAC17C9.01c	nuc2	E	SPAC17C9.01c.1:pep	locus_exact	matched
PomBase	SPAC17C9.02c	lys7	E	SPAC17C9.02c.1:pep	locus_exact	matched
PomBase	SPAC17C9.03	tif471	E	SPAC17C9.03.1:pep	locus_exact	matched
PomBase	SPAC17C9.06	sam50	E	SPAC17C9.06.1:pep	locus_exact	matched
PomBase	SPAC17C9.13c	cut8	E	SPAC17C9.13c.1:pep	locus_exact	matched
PomBase	SPAC17D4.02	cdc45	E	SPAC17D4.02.1:pep	locus_exact	matched
PomBase	SPAC17G6.07c	use1	E	SPAC17G6.07c.1:pep	locus_exact	matched
PomBase	SPAC17G6.09	sec62	E	SPAC17G6.09.1:pep	locus_exact	matched
PomBase	SPAC17G6.10	ssr1	E	SPAC17G6.10.1:pep	locus_exact	matched
PomBase	SPAC17G6.11c	SPAC17G6.11c	E	SPAC17G6.11c.1:pep	locus_exact	matched
PomBase	SPAC17G6.12	cul1	E	SPAC17G6.12.1:pep	locus_exact	matched
PomBase	SPAC17G6.14c	uap56	E	SPAC17G6.14c.1:pep	locus_exact	matched
PomBase	SPAC17G6.16c	ysh1	E	SPAC17G6.16c.1:pep	locus_exact	matched
PomBase	SPAC17G8.01c	trl1	E	SPAC17G8.01c.1:pep	locus_exact	matched
PomBase	SPAC17G8.02	urh2	E	SPAC17G8.02.1:pep	locus_exact	matched
PomBase	SPAC17G8.03c	bur6	E	SPAC17G8.03c.1:pep	locus_exact	matched
PomBase	SPAC17G8.04c	arc5	E	SPAC17G8.04c.1:pep	locus_exact	matched
PomBase	SPAC17G8.12	sec3	E	SPAC17G8.12.1:pep	locus_exact	matched
PomBase	SPAC17H9.02	mtl1	E	SPAC17H9.02.1:pep	locus_exact	matched
PomBase	SPAC17H9.05	ebp2	E	SPAC17H9.05.1:pep	locus_exact	matched
PomBase	SPAC17H9.07	srp21	E	SPAC17H9.07.1:pep	locus_exact	matched
PomBase	SPAC17H9.16	tom22	E	SPAC17H9.16.1:pep	locus_exact	matched
PomBase	SPAC17H9.17c	mdm10	E	SPAC17H9.17c.1:pep	locus_exact	matched
PomBase	SPAC17H9.20	psc3	E	SPAC17H9.20.1:pep	locus_exact	matched
PomBase	SPAC1805.17	crm1	E	SPAC1805.17.1:pep	locus_exact	matched
PomBase	SPAC1834.01	erf1	E	SPAC1834.01.1:pep	locus_exact	matched
PomBase	SPAC1834.02	aro1	E	SPAC1834.02.1:pep	locus_exact	matched
PomBase	SPAC1834.06c	pmo25	E	SPAC1834.06c.1:pep	locus_exact	matched
PomBase	SPAC1834.11c	sec18	E	SPAC1834.11c.1:pep	locus_exact	matched
PomBase	SPAC1851.03	ckb1	E	SPAC1851.03.1:pep	locus_exact	matched
PomBase	SPAC18B11.05	gpi18	E	SPAC18B11.05.1:pep	locus_exact	matched
PomBase	SPAC18B11.06	lcp5	E	SPAC18B11.06.1:pep	locus_exact	matched
PomBase	SPAC18B11.11	SPAC18B11.11	E	SPAC18B11.11.1:pep	locus_exact	matched
PomBase	SPAC18G6.03	ypt3	E	SPAC18G6.03.1:pep	locus_exact	matched
PomBase	SPAC18G6.06	utp11	E	SPAC18G6.06.1:pep	locus_exact	matched
PomBase	SPAC18G6.07c	mra1	E	SPAC18G6.07c.1:pep	locus_exact	matched
PomBase	SPAC18G6.11c	rrn3	E	SPAC18G6.11c.1:pep	locus_exact	matched
PomBase	SPAC18G6.14c	rps7	E	SPAC18G6.14c.1:pep	locus_exact	matched
PomBase	SPAC1952.01	gab1	E	SPAC1952.01.1:pep	locus_exact	matched
PomBase	SPAC1952.11c	ure2	E	SPAC1952.11c.1:pep	locus_exact	matched
PomBase	SPAC1952.13	ned1	E	SPAC1952.13.1:pep	locus_exact	matched
PomBase	SPAC1952.14c	mrpl25	E	SPAC1952.14c.1:pep	locus_exact	matched
PomBase	SPAC19A8.06	pbr1	E	SPAC19A8.06.1:pep	locus_exact	matched
PomBase	SPAC19A8.07c	imp4	E	SPAC19A8.07c.1:pep	locus_exact	matched
PomBase	SPAC19A8.09	yos1	E	SPAC19A8.09.1:pep	locus_exact	matched
PomBase	SPAC19A8.12	dcp2	E	SPAC19A8.12.1:pep	locus_exact	matched
PomBase	SPAC19A8.13	usp101	E	SPAC19A8.13.1:pep	locus_exact	matched
PomBase	SPAC19A8.15	trp2	E	SPAC19A8.15.1:pep	locus_exact	matched
PomBase	SPAC19B12.01	SPAC19B12.01	E	SPAC19B12.01.1:pep	locus_exact	matched
PomBase	SPAC19B12.02c	gas1	E	SPAC19B12.02c.1:pep	locus_exact	matched
PomBase	SPAC19B12.03	bgs3	E	SPAC19B12.03.1:pep	locus_exact	matched
PomBase	SPAC19B12.05c	fcp1	E	SPAC19B12.05c.1:pep	locus_exact	matched
PomBase	SPAC19D5.04	ptr1	E	SPAC19D5.04.1:pep	locus_exact	matched
PomBase	SPAC19D5.05c	imp3	E	SPAC19D5.05c.1:pep	locus_exact	matched
PomBase	SPAC19G12.01c	cut20	E	SPAC19G12.01c.1:pep	locus_exact	matched
PomBase	SPAC19G12.07c	rsd1	E	SPAC19G12.07c.1:pep	locus_exact	matched
PomBase	SPAC19G12.11	coq9	E	SPAC19G12.11.1:pep	locus_exact	matched
PomBase	SPAC19G12.12	dlp1	E	SPAC19G12.12.1:pep	locus_exact	matched
PomBase	SPAC19G12.14	its3	E	SPAC19G12.14.1:pep	locus_exact	matched
PomBase	SPAC1A6.02	wdr55	E	SPAC1A6.02.1:pep	locus_exact	matched
PomBase	SPAC1B1.01	deb1	E	SPAC1B1.01.1:pep	locus_exact	matched
PomBase	SPAC1B1.03c	kap95	E	SPAC1B1.03c.1:pep	locus_exact	matched
PomBase	SPAC1B2.05	mcm5	E	SPAC1B2.05.1:pep	locus_exact	matched
PomBase	SPAC1B3.03c	wis2	E	SPAC1B3.03c.1:pep	locus_exact	matched
PomBase	SPAC1B3.09c	noc202	E	SPAC1B3.09c.1:pep	locus_exact	matched
PomBase	SPAC1B3.12c	rpb10	E	SPAC1B3.12c.1:pep	locus_exact	matched
PomBase	SPAC1B3.13	nan1	E	SPAC1B3.13.1:pep	locus_exact	matched
PomBase	SPAC1B3.14	vma3	E	SPAC1B3.14.1:pep	locus_exact	matched
PomBase	SPAC1B3.16c	vht1	E	SPAC1B3.16c.1:pep	locus_exact	matched
PomBase	SPAC1B3.18c	mrps18	E	SPAC1B3.18c.1:pep	locus_exact	matched
PomBase	SPAC1B9.03c	SPAC1B9.03c	E	SPAC1B9.03c.1:pep	locus_exact	matched
PomBase	SPAC1D4.04	cct2	E	SPAC1D4.04.1:pep	locus_exact	matched
PomBase	SPAC1D4.08	pis1	E	SPAC1D4.08.1:pep	locus_exact	matched
PomBase	SPAC1D4.10	trz1	E	SPAC1D4.10.1:pep	locus_exact	matched
PomBase	SPAC1D4.12	rad15	E	SPAC1D4.12.1:pep	locus_exact	matched
PomBase	SPAC1D4.14	tho2	E	SPAC1D4.14.1:pep	locus_exact	matched
PomBase	SPAC1F12.08	cab4	E	SPAC1F12.08.1:pep	locus_exact	matched
PomBase	SPAC1F12.09	gpi17	E	SPAC1F12.09.1:pep	locus_exact	matched
PomBase	SPAC1F5.02	pdi1	E	SPAC1F5.02.1:pep	locus_exact	matched
PomBase	SPAC1F5.04c	cdc12	E	SPAC1F5.04c.1:pep	locus_exact	matched
PomBase	SPAC1F5.05c	mso1	E	SPAC1F5.05c.1:pep	locus_exact	matched
PomBase	SPAC1F5.06	lsh1	E	SPAC1F5.06.1:pep	locus_exact	matched
PomBase	SPAC1F5.11c	tra2	E	SPAC1F5.11c.1:pep	locus_exact	matched
PomBase	SPAC1F7.02c	has1	E	SPAC1F7.02c.1:pep	locus_exact	matched
PomBase	SPAC1F7.03	pkd2	E	SPAC1F7.03.1:pep	locus_exact	matched
PomBase	SPAC1F7.04	rho1	E	SPAC1F7.04.1:pep	locus_exact	matched
PomBase	SPAC1F7.05	cdc22	E	SPAC1F7.05.1:pep	locus_exact	matched
PomBase	SPAC1F7.14c	tam6	E	SPAC1F7.14c.1:pep	locus_exact	matched
PomBase	SPAC1F8.05	isp3	E	SPAC1F8.05.1:pep	locus_exact	matched
PomBase	SPAC1F8.07c	pdc101	E	SPAC1F8.07c.1:pep	locus_exact	matched
PomBase	SPAC20G4.06c	adf1	E	SPAC20G4.06c.1:pep	locus_exact	matched
PomBase	SPAC20G8.01	cdc17	E	SPAC20G8.01.1:pep	locus_exact	matched
PomBase	SPAC20G8.03	itr2	E	SPAC20G8.03.1:pep	locus_exact	matched
PomBase	SPAC20G8.05c	cdc15	E	SPAC20G8.05c.1:pep	locus_exact	matched
PomBase	SPAC20G8.06	not1	E	SPAC20G8.06.1:pep	locus_exact	matched
PomBase	SPAC20G8.09c	nat10	E	SPAC20G8.09c.1:pep	locus_exact	matched
PomBase	SPAC20H4.01	utp5	E	SPAC20H4.01.1:pep	locus_exact	matched
PomBase	SPAC21E11.06	tif224	E	SPAC21E11.06.1:pep	locus_exact	matched
PomBase	SPAC21E11.07	iba57	E	SPAC21E11.07.1:pep	locus_exact	matched
PomBase	SPAC21E11.08	lcb2	E	SPAC21E11.08.1:pep	locus_exact	matched
PomBase	SPAC222.03c	tim10	E	SPAC222.03c.1:pep	locus_exact	matched
PomBase	SPAC222.04c	ies6	E	SPAC222.04c.1:pep	locus_exact	matched
PomBase	SPAC222.06	mak16	E	SPAC222.06.1:pep	locus_exact	matched
PomBase	SPAC222.09	seb1	E	SPAC222.09.1:pep	locus_exact	matched
PomBase	SPAC222.10c	byr4	E	SPAC222.10c.1:pep	locus_exact	matched
PomBase	SPAC222.11	hem13	E	SPAC222.11.1:pep	locus_exact	matched
PomBase	SPAC227.02c	rrp15	E	SPAC227.02c.1:pep	locus_exact	matched
PomBase	SPAC227.08c	yth1	E	SPAC227.08c.1:pep	locus_exact	matched
PomBase	SPAC227.09	fol3	E	SPAC227.09.1:pep	locus_exact	matched
PomBase	SPAC227.12	rna4	E	SPAC227.12.1:pep	locus_exact	matched
PomBase	SPAC227.16c	psf3	E	SPAC227.16c.1:pep	locus_exact	matched
PomBase	SPAC22A12.05	rpc11	E	SPAC22A12.05.1:pep	locus_exact	matched
PomBase	SPAC22A12.08c	crd1	E	SPAC22A12.08c.1:pep	locus_exact	matched
PomBase	SPAC22A12.09c	sap114	E	SPAC22A12.09c.1:pep	locus_exact	matched
PomBase	SPAC22A12.12c	rrp40	E	SPAC22A12.12c.1:pep	locus_exact	matched
PomBase	SPAC22A12.13	mug84	E	SPAC22A12.13.1:pep	locus_exact	matched
PomBase	SPAC22A12.15c	bip1	E	SPAC22A12.15c.1:pep	locus_exact	matched
PomBase	SPAC22E12.02	SPAC22E12.02	E	SPAC22E12.02.1:pep	locus_exact	matched
PomBase	SPAC22E12.07	rna1	E	SPAC22E12.07.1:pep	locus_exact	matched
PomBase	SPAC22E12.08	rrn10	E	SPAC22E12.08.1:pep	locus_exact	matched
PomBase	SPAC22E12.09c	krp1	E	SPAC22E12.09c.1:pep	locus_exact	matched
PomBase	SPAC22E12.10c	etp1	E	SPAC22E12.10c.1:pep	locus_exact	matched
PomBase	SPAC22E12.13c	rlp24	E	SPAC22E12.13c.1:pep	locus_exact	matched
PomBase	SPAC22E12.16c	pik1	E	SPAC22E12.16c.1:pep	locus_exact	matched
PomBase	SPAC22E12.17c	glo3	E	SPAC22E12.17c.1:pep	locus_exact	matched
PomBase	SPAC22F3.05c	alp41	E	SPAC22F3.05c.1:pep	locus_exact	matched
PomBase	SPAC22F3.10c	gcs1	E	SPAC22F3.10c.1:pep	locus_exact	matched
PomBase	SPAC22F8.06	pam1	E	SPAC22F8.06.1:pep	locus_exact	matched
PomBase	SPAC22F8.08	sec24	E	SPAC22F8.08.1:pep	locus_exact	matched
PomBase	SPAC22F8.10c	sap145	E	SPAC22F8.10c.1:pep	locus_exact	matched
PomBase	SPAC22F8.11	plc1	E	SPAC22F8.11.1:pep	locus_exact	matched
PomBase	SPAC22G7.02	kap111	E	SPAC22G7.02.1:pep	locus_exact	matched
PomBase	SPAC22G7.09c	nup45	E	SPAC22G7.09c.1:pep	locus_exact	matched
PomBase	SPAC22G7.10	iss1	E	SPAC22G7.10.1:pep	locus_exact	matched
PomBase	SPAC22H10.05c	SPAC22H10.05c	E	SPAC22H10.05c.1:pep	locus_exact	matched
PomBase	SPAC22H10.10	alp21	E	SPAC22H10.10.1:pep	locus_exact	matched
PomBase	SPAC22H10.12c	gdi1	E	SPAC22H10.12c.1:pep	locus_exact	matched
PomBase	SPAC23A1.05	SPAC23A1.05	E	SPAC23A1.05.1:pep	locus_exact	matched
PomBase	SPAC23A1.08c	rpl3401	E	SPAC23A1.08c.1:pep	locus_exact	matched
PomBase	SPAC23A1.12c	frs1	E	SPAC23A1.12c.1:pep	locus_exact	matched
PomBase	SPAC23A1.16c	rtr1	E	SPAC23A1.16c.1:pep	locus_exact	matched
PomBase	SPAC23A1.18c	mrp51	E	SPAC23A1.18c.1:pep	locus_exact	matched
PomBase	SPAC23A1.19c	hrq1	E	SPAC23A1.19c.1:pep	locus_exact	matched
PomBase	SPAC23C11.03	mpp10	E	SPAC23C11.03.1:pep	locus_exact	matched
PomBase	SPAC23C11.05	ipp1	E	SPAC23C11.05.1:pep	locus_exact	matched
PomBase	SPAC23C11.09	ala1	E	SPAC23C11.09.1:pep	locus_exact	matched
PomBase	SPAC23C11.11	cka1	E	SPAC23C11.11.1:pep	locus_exact	matched
PomBase	SPAC23C11.12	hcn1	E	SPAC23C11.12.1:pep	locus_exact	matched
PomBase	SPAC23C11.16	plo1	E	SPAC23C11.16.1:pep	locus_exact	matched
PomBase	SPAC23C11.17	mdm28	E	SPAC23C11.17.1:pep	locus_exact	matched
PomBase	SPAC23C4.08	rho3	E	SPAC23C4.08.1:pep	locus_exact	matched
PomBase	SPAC23C4.10	sec2	E	SPAC23C4.10.1:pep	locus_exact	matched
PomBase	SPAC23C4.13	bet1	E	SPAC23C4.13.1:pep	locus_exact	matched
PomBase	SPAC23C4.14	alg1	E	SPAC23C4.14.1:pep	locus_exact	matched
PomBase	SPAC23C4.15	rpb5	E	SPAC23C4.15.1:pep	locus_exact	matched
PomBase	SPAC23C4.18c	rad4	E	SPAC23C4.18c.1:pep	locus_exact	matched
PomBase	SPAC23C4.19	spt5	E	SPAC23C4.19.1:pep	locus_exact	matched
PomBase	SPAC23D3.02	rfc2	E	SPAC23D3.02.1:pep	locus_exact	matched
PomBase	SPAC23D3.06c	nup146	E	SPAC23D3.06c.1:pep	locus_exact	matched
PomBase	SPAC23D3.07	pup1	E	SPAC23D3.07.1:pep	locus_exact	matched
PomBase	SPAC23D3.08	usp108	E	SPAC23D3.08.1:pep	locus_exact	matched
PomBase	SPAC23E2.02	lsd2	E	SPAC23E2.02.1:pep	locus_exact	matched
PomBase	SPAC23G3.01	rpb2	E	SPAC23G3.01.1:pep	locus_exact	matched
PomBase	SPAC23G3.06	nop58	E	SPAC23G3.06.1:pep	locus_exact	matched
PomBase	SPAC23G3.09	taf4	E	SPAC23G3.09.1:pep	locus_exact	matched
PomBase	SPAC23G3.10c	ssr3	E	SPAC23G3.10c.1:pep	locus_exact	matched
PomBase	SPAC23G3.11	rpn6	E	SPAC23G3.11.1:pep	locus_exact	matched
PomBase	SPAC23H3.02c	ini1	E	SPAC23H3.02c.1:pep	locus_exact	matched
PomBase	SPAC23H3.07c	mrp2	E	SPAC23H3.07c.1:pep	locus_exact	matched
PomBase	SPAC23H3.10	ssr2	E	SPAC23H3.10.1:pep	locus_exact	matched
PomBase	SPAC23H3.15c	SPAC23H3.15c	E	SPAC23H3.15c.1:pep	locus_exact	matched
PomBase	SPAC23H4.03c	erv25	E	SPAC23H4.03c.1:pep	locus_exact	matched
PomBase	SPAC23H4.04	slm3	E	SPAC23H4.04.1:pep	locus_exact	matched
PomBase	SPAC23H4.06	gln1	E	SPAC23H4.06.1:pep	locus_exact	matched
PomBase	SPAC23H4.07c	srp102	E	SPAC23H4.07c.1:pep	locus_exact	matched
PomBase	SPAC23H4.11c	cnl2	E	SPAC23H4.11c.1:pep	locus_exact	matched
PomBase	SPAC23H4.15	tsr1	E	SPAC23H4.15.1:pep	locus_exact	matched
PomBase	SPAC23H4.18c	rbx1	E	SPAC23H4.18c.1:pep	locus_exact	matched
PomBase	SPAC24B11.11c	sid2	E	SPAC24B11.11c.1:pep	locus_exact	matched
PomBase	SPAC24C9.03	mvd1	E	SPAC24C9.03.1:pep	locus_exact	matched
PomBase	SPAC24C9.04	SPAC24C9.04	E	SPAC24C9.04.1:pep	locus_exact	matched
PomBase	SPAC24C9.06c	aco1	E	SPAC24C9.06c.1:pep	locus_exact	matched
PomBase	SPAC24C9.09	SPAC24C9.09	E	SPAC24C9.09.1:pep	locus_exact	matched
PomBase	SPAC24C9.10c	mrp4	E	SPAC24C9.10c.1:pep	locus_exact	matched
PomBase	SPAC24C9.11	sgd1	E	SPAC24C9.11.1:pep	locus_exact	matched
PomBase	SPAC24C9.13c	mrp10	E	SPAC24C9.13c.1:pep	locus_exact	matched
PomBase	SPAC24H6.01c	gup1	E	SPAC24H6.01c.1:pep	locus_exact	matched
PomBase	SPAC24H6.05	cdc25	E	SPAC24H6.05.1:pep	locus_exact	matched
PomBase	SPAC24H6.06	sld3	E	SPAC24H6.06.1:pep	locus_exact	matched
PomBase	SPAC24H6.12c	uba3	E	SPAC24H6.12c.1:pep	locus_exact	matched
PomBase	SPAC25B8.02	sds3	E	SPAC25B8.02.1:pep	locus_exact	matched
PomBase	SPAC25B8.06c	dia4	E	SPAC25B8.06c.1:pep	locus_exact	matched
PomBase	SPAC25B8.14	mal2	E	SPAC25B8.14.1:pep	locus_exact	matched
PomBase	SPAC25B8.16	pop100	E	SPAC25B8.16.1:pep	locus_exact	matched
PomBase	SPAC25G10.07c	cut7	E	SPAC25G10.07c.1:pep	locus_exact	matched
PomBase	SPAC25G10.08	SPAC25G10.08	E	SPAC25G10.08.1:pep	locus_exact	matched
PomBase	SPAC25H1.08c	sqt1	E	SPAC25H1.08c.1:pep	locus_exact	matched
PomBase	SPAC26A3.03c	rmi1	E	SPAC26A3.03c.1:pep	locus_exact	matched
PomBase	SPAC26A3.05	chc1	E	SPAC26A3.05.1:pep	locus_exact	matched
PomBase	SPAC26A3.08	smb1	E	SPAC26A3.08.1:pep	locus_exact	matched
PomBase	SPAC26A3.12c	dhp1	E	SPAC26A3.12c.1:pep	locus_exact	matched
PomBase	SPAC26A3.15c	nsp1	E	SPAC26A3.15c.1:pep	locus_exact	matched
PomBase	SPAC26F1.03	pda1	E	SPAC26F1.03.1:pep	locus_exact	matched
PomBase	SPAC26F1.06	gpm1	E	SPAC26F1.06.1:pep	locus_exact	matched
PomBase	SPAC26F1.13c	lrs1	E	SPAC26F1.13c.1:pep	locus_exact	matched
PomBase	SPAC26H5.06	pot1	E	SPAC26H5.06.1:pep	locus_exact	matched
PomBase	SPAC26H5.12	rpo41	E	SPAC26H5.12.1:pep	locus_exact	matched
PomBase	SPAC26H5.13c	kei1	E	SPAC26H5.13c.1:pep	locus_exact	matched
PomBase	SPAC27D7.07c	smd1	E	SPAC27D7.07c.1:pep	locus_exact	matched
PomBase	SPAC27E2.05	cdc1	E	SPAC27E2.05.1:pep	locus_exact	matched
PomBase	SPAC27E2.06c	msm1	E	SPAC27E2.06c.1:pep	locus_exact	matched
PomBase	SPAC27E2.10c	rfc3	E	SPAC27E2.10c.1:pep	locus_exact	matched
PomBase	SPAC27F1.02c	cdc8	E	SPAC27F1.02c.1:pep	locus_exact	matched
PomBase	SPAC27F1.04c	nuf2	E	SPAC27F1.04c.1:pep	locus_exact	matched
PomBase	SPAC27F1.07	ost1	E	SPAC27F1.07.1:pep	locus_exact	matched
PomBase	SPAC27F1.09c	prp10	E	SPAC27F1.09c.1:pep	locus_exact	matched
PomBase	SPAC29A4.03c	mrps9	E	SPAC29A4.03c.1:pep	locus_exact	matched
PomBase	SPAC29A4.04c	cbf5	E	SPAC29A4.04c.1:pep	locus_exact	matched
PomBase	SPAC29A4.06c	SPAC29A4.06c	E	SPAC29A4.06c.1:pep	locus_exact	matched
PomBase	SPAC29A4.07	srb6	E	SPAC29A4.07.1:pep	locus_exact	matched
PomBase	SPAC29A4.08c	prp19	E	SPAC29A4.08c.1:pep	locus_exact	matched
PomBase	SPAC29A4.10	rrn5	E	SPAC29A4.10.1:pep	locus_exact	matched
PomBase	SPAC29A4.15	srs1	E	SPAC29A4.15.1:pep	locus_exact	matched
PomBase	SPAC29A4.16	hal4	E	SPAC29A4.16.1:pep	locus_exact	matched
PomBase	SPAC29B12.01	ino80	E	SPAC29B12.01.1:pep	locus_exact	matched
PomBase	SPAC29B12.07	sec16	E	SPAC29B12.07.1:pep	locus_exact	matched
PomBase	SPAC29E6.02	prp3	E	SPAC29E6.02.1:pep	locus_exact	matched
PomBase	SPAC29E6.03c	uso1	E	SPAC29E6.03c.1:pep	locus_exact	matched
PomBase	SPAC29E6.04	nnf1	E	SPAC29E6.04.1:pep	locus_exact	matched
PomBase	SPAC29E6.06c	SPAC29E6.06c	E	SPAC29E6.06c.1:pep	locus_exact	matched
PomBase	SPAC29E6.08	tbp1	E	SPAC29E6.08.1:pep	locus_exact	matched
PomBase	SPAC2C4.03c	smd2	E	SPAC2C4.03c.1:pep	locus_exact	matched
PomBase	SPAC2C4.04c	aim29	E	SPAC2C4.04c.1:pep	locus_exact	matched
PomBase	SPAC2C4.11c	pno1	E	SPAC2C4.11c.1:pep	locus_exact	matched
PomBase	SPAC2C4.12c	tpt1	E	SPAC2C4.12c.1:pep	locus_exact	matched
PomBase	SPAC2C4.13	vma16	E	SPAC2C4.13.1:pep	locus_exact	matched
PomBase	SPAC2E12.02	hsf1	E	SPAC2E12.02.1:pep	locus_exact	matched
PomBase	SPAC2E1P5.04c	cwg2	E	SPAC2E1P5.04c.1:pep	locus_exact	matched
PomBase	SPAC2E1P5.05	rrp9	E	SPAC2E1P5.05.1:pep	locus_exact	matched
PomBase	SPAC2F3.03c	rpa49	E	SPAC2F3.03c.1:pep	locus_exact	matched
PomBase	SPAC2F3.04c	rim1	E	SPAC2F3.04c.1:pep	locus_exact	matched
PomBase	SPAC2F3.06c	kap104	E	SPAC2F3.06c.1:pep	locus_exact	matched
PomBase	SPAC2F3.09	hem1	E	SPAC2F3.09.1:pep	locus_exact	matched
PomBase	SPAC2F3.10	vps54	E	SPAC2F3.10.1:pep	locus_exact	matched
PomBase	SPAC2F3.14c	saf2	E	SPAC2F3.14c.1:pep	locus_exact	matched
PomBase	SPAC2F3.17c	lsm6	E	SPAC2F3.17c.1:pep	locus_exact	matched
PomBase	SPAC2F7.05c	tif5	E	SPAC2F7.05c.1:pep	locus_exact	matched
PomBase	SPAC2F7.13c	wrs1	E	SPAC2F7.13c.1:pep	locus_exact	matched
PomBase	SPAC2F7.14c	rrp4	E	SPAC2F7.14c.1:pep	locus_exact	matched
PomBase	SPAC2F7.15	rsm24	E	SPAC2F7.15.1:pep	locus_exact	matched
PomBase	SPAC2G11.02	urb2	E	SPAC2G11.02.1:pep	locus_exact	matched
PomBase	SPAC2G11.08c	smn1	E	SPAC2G11.08c.1:pep	locus_exact	matched
PomBase	SPAC2G11.11c	prh1	E	SPAC2G11.11c.1:pep	locus_exact	matched
PomBase	SPAC2G11.14	taf1	E	SPAC2G11.14.1:pep	locus_exact	matched
PomBase	SPAC30C2.03	SPAC30C2.03	E	SPAC30C2.03.1:pep	locus_exact	matched
PomBase	SPAC30D11.03	ddx27	E	SPAC30D11.03.1:pep	locus_exact	matched
PomBase	SPAC30D11.08c	phf2	E	SPAC30D11.08c.1:pep	locus_exact	matched
PomBase	SPAC30D11.13	hus5	E	SPAC30D11.13.1:pep	locus_exact	matched
PomBase	SPAC31A2.03	mrp11	E	SPAC31A2.03.1:pep	locus_exact	matched
PomBase	SPAC31A2.04c	pre1	E	SPAC31A2.04c.1:pep	locus_exact	matched
PomBase	SPAC31A2.05c	mis4	E	SPAC31A2.05c.1:pep	locus_exact	matched
PomBase	SPAC31A2.07c	dbp10	E	SPAC31A2.07c.1:pep	locus_exact	matched
PomBase	SPAC31A2.08	mrp20	E	SPAC31A2.08.1:pep	locus_exact	matched
PomBase	SPAC31G5.01	sap49	E	SPAC31G5.01.1:pep	locus_exact	matched
PomBase	SPAC31G5.02	rot1	E	SPAC31G5.02.1:pep	locus_exact	matched
PomBase	SPAC31G5.05c	SPAC31G5.05c	E	SPAC31G5.05c.1:pep	locus_exact	matched
PomBase	SPAC31G5.06	rrg8	E	SPAC31G5.06.1:pep	locus_exact	matched
PomBase	SPAC31G5.08	hem4	E	SPAC31G5.08.1:pep	locus_exact	matched
PomBase	SPAC31G5.13	rpn11	E	SPAC31G5.13.1:pep	locus_exact	matched
PomBase	SPAC31G5.16c	dpm1	E	SPAC31G5.16c.1:pep	locus_exact	matched
PomBase	SPAC323.01c	pos5	E	SPAC323.01c.1:pep	locus_exact	matched
PomBase	SPAC323.02c	pup2	E	SPAC323.02c.1:pep	locus_exact	matched
PomBase	SPAC323.06c	uba5	E	SPAC323.06c.1:pep	locus_exact	matched
PomBase	SPAC323.08	rmp1	E	SPAC323.08.1:pep	locus_exact	matched
PomBase	SPAC328.08c	tbc1	E	SPAC328.08c.1:pep	locus_exact	matched
PomBase	SPAC32A11.04c	tif212	E	SPAC32A11.04c.1:pep	locus_exact	matched
PomBase	SPAC343.01c	erg8	E	SPAC343.01c.1:pep	locus_exact	matched
PomBase	SPAC343.02	img1	E	SPAC343.02.1:pep	locus_exact	matched
PomBase	SPAC343.03	apc11	E	SPAC343.03.1:pep	locus_exact	matched
PomBase	SPAC343.05	vma1	E	SPAC343.05.1:pep	locus_exact	matched
PomBase	SPAC343.08c	mrp17	E	SPAC343.08c.1:pep	locus_exact	matched
PomBase	SPAC343.13	gta2	E	SPAC343.13.1:pep	locus_exact	matched
PomBase	SPAC343.14c	tif222	E	SPAC343.14c.1:pep	locus_exact	matched
PomBase	SPAC343.17c	wdr70	E	SPAC343.17c.1:pep	locus_exact	matched
PomBase	SPAC3A11.08	pcu4	E	SPAC3A11.08.1:pep	locus_exact	matched
PomBase	SPAC3A11.12c	rpt5	E	SPAC3A11.12c.1:pep	locus_exact	matched
PomBase	SPAC3A12.02	SPAC3A12.02	E	SPAC3A12.02.1:pep	locus_exact	matched
PomBase	SPAC3A12.04c	rpp1	E	SPAC3A12.04c.1:pep	locus_exact	matched
PomBase	SPAC3A12.05c	taf2	E	SPAC3A12.05c.1:pep	locus_exact	matched
PomBase	SPAC3A12.07	rpb11	E	SPAC3A12.07.1:pep	locus_exact	matched
PomBase	SPAC3A12.11c	cwf2	E	SPAC3A12.11c.1:pep	locus_exact	matched
PomBase	SPAC3A12.14	cam1	E	SPAC3A12.14.1:pep	locus_exact	matched
PomBase	SPAC3A12.15	vps53	E	SPAC3A12.15.1:pep	locus_exact	matched
PomBase	SPAC3A12.16c	tim17	E	SPAC3A12.16c.1:pep	locus_exact	matched
PomBase	SPAC3A12.18	zwf1	E	SPAC3A12.18.1:pep	locus_exact	matched
PomBase	SPAC3A12.19	SPAC3A12.19	E	SPAC3A12.19.1:pep	locus_exact	matched
PomBase	SPAC3C7.11c	cnx1	E	SPAC3C7.11c.1:pep	locus_exact	matched
PomBase	SPAC3F10.03	grs1	E	SPAC3F10.03.1:pep	locus_exact	matched
PomBase	SPAC3F10.04	gsa1	E	SPAC3F10.04.1:pep	locus_exact	matched
PomBase	SPAC3F10.08c	faf1	E	SPAC3F10.08c.1:pep	locus_exact	matched
PomBase	SPAC3G6.02	rpn15	E	SPAC3G6.02.1:pep	locus_exact	matched
PomBase	SPAC3G6.08	erv1	E	SPAC3G6.08.1:pep	locus_exact	matched
PomBase	SPAC3G6.10c	vps51	E	SPAC3G6.10c.1:pep	locus_exact	matched
PomBase	SPAC3G9.06	frs2	E	SPAC3G9.06.1:pep	locus_exact	matched
PomBase	SPAC3G9.08	png1	E	SPAC3G9.08.1:pep	locus_exact	matched
PomBase	SPAC3G9.09c	tif211	E	SPAC3G9.09c.1:pep	locus_exact	matched
PomBase	SPAC3G9.10c	rrp41	E	SPAC3G9.10c.1:pep	locus_exact	matched
PomBase	SPAC3G9.12	peg1	E	SPAC3G9.12.1:pep	locus_exact	matched
PomBase	SPAC3G9.13c	msw1	E	SPAC3G9.13c.1:pep	locus_exact	matched
PomBase	SPAC3G9.14	sak1	E	SPAC3G9.14.1:pep	locus_exact	matched
PomBase	SPAC3G9.15c	fcf2	E	SPAC3G9.15c.1:pep	locus_exact	matched
PomBase	SPAC3G9.16c	bet5	E	SPAC3G9.16c.1:pep	locus_exact	matched
PomBase	SPAC3H1.01c	orc3	E	SPAC3H1.01c.1:pep	locus_exact	matched
PomBase	SPAC3H5.06c	pol1	E	SPAC3H5.06c.1:pep	locus_exact	matched
PomBase	SPAC3H5.11	SPAC3H5.11	E	SPAC3H5.11.1:pep	locus_exact	matched
PomBase	SPAC3H8.06	aur1	E	SPAC3H8.06.1:pep	locus_exact	matched
PomBase	SPAC3H8.10	spo20	E	SPAC3H8.10.1:pep	locus_exact	matched
PomBase	SPAC458.03	tel2	E	SPAC458.03.1:pep	locus_exact	matched
PomBase	SPAC458.07	tfa1	E	SPAC458.07.1:pep	locus_exact	matched
PomBase	SPAC4A8.03c	ptc4	E	SPAC4A8.03c.1:pep	locus_exact	matched
PomBase	SPAC4A8.05c	myp2	E	SPAC4A8.05c.1:pep	locus_exact	matched
PomBase	SPAC4A8.08c	vrs2	E	SPAC4A8.08c.1:pep	locus_exact	matched
PomBase	SPAC4A8.11c	fas2	E	SPAC4A8.11c.1:pep	locus_exact	matched
PomBase	SPAC4A8.12c	sds22	E	SPAC4A8.12c.1:pep	locus_exact	matched
PomBase	SPAC4A8.13c	pts1	E	SPAC4A8.13c.1:pep	locus_exact	matched
PomBase	SPAC4A8.15c	cdc3	E	SPAC4A8.15c.1:pep	locus_exact	matched
PomBase	SPAC4A8.16c	tif33	E	SPAC4A8.16c.1:pep	locus_exact	matched
PomBase	SPAC4C5.02c	ryh1	E	SPAC4C5.02c.1:pep	locus_exact	matched
PomBase	SPAC4D7.04c	rer2	E	SPAC4D7.04c.1:pep	locus_exact	matched
PomBase	SPAC4D7.05	sum1	E	SPAC4D7.05.1:pep	locus_exact	matched
PomBase	SPAC4D7.09	tif223	E	SPAC4D7.09.1:pep	locus_exact	matched
PomBase	SPAC4D7.12c	fet5	E	SPAC4D7.12c.1:pep	locus_exact	matched
PomBase	SPAC4D7.13	usp104	E	SPAC4D7.13.1:pep	locus_exact	matched
PomBase	SPAC4F10.03c	trm7	E	SPAC4F10.03c.1:pep	locus_exact	matched
PomBase	SPAC4F10.09c	noc1	E	SPAC4F10.09c.1:pep	locus_exact	matched
PomBase	SPAC4F10.10c	mnn9	E	SPAC4F10.10c.1:pep	locus_exact	matched
PomBase	SPAC4F10.12	fta1	E	SPAC4F10.12.1:pep	locus_exact	matched
PomBase	SPAC4F10.15c	wsp1	E	SPAC4F10.15c.1:pep	locus_exact	matched
PomBase	SPAC4F8.02c	mrpl40	E	SPAC4F8.02c.1:pep	locus_exact	matched
PomBase	SPAC4F8.04	SPAC4F8.04	E	SPAC4F8.04.1:pep	locus_exact	matched
PomBase	SPAC4F8.05c	mrpl28	E	SPAC4F8.05c.1:pep	locus_exact	matched
PomBase	SPAC4F8.06	mrps12	E	SPAC4F8.06.1:pep	locus_exact	matched
PomBase	SPAC4F8.07c	hxk2	E	SPAC4F8.07c.1:pep	locus_exact	matched
PomBase	SPAC4F8.12c	spp42	E	SPAC4F8.12c.1:pep	locus_exact	matched
PomBase	SPAC4F8.13c	rng2	E	SPAC4F8.13c.1:pep	locus_exact	matched
PomBase	SPAC4F8.14c	hcs1	E	SPAC4F8.14c.1:pep	locus_exact	matched
PomBase	SPAC4G8.02c	sss1	E	SPAC4G8.02c.1:pep	locus_exact	matched
PomBase	SPAC4G8.09	SPAC4G8.09	E	SPAC4G8.09.1:pep	locus_exact	matched
PomBase	SPAC4G8.12c	smp3	E	SPAC4G8.12c.1:pep	locus_exact	matched
PomBase	SPAC4G9.03	adk1	E	SPAC4G9.03.1:pep	locus_exact	matched
PomBase	SPAC4G9.04c	pcf11	E	SPAC4G9.04c.1:pep	locus_exact	matched
PomBase	SPAC4G9.08c	rpc2	E	SPAC4G9.08c.1:pep	locus_exact	matched
PomBase	SPAC4G9.17c	mrp5	E	SPAC4G9.17c.1:pep	locus_exact	matched
PomBase	SPAC4H3.08	SPAC4H3.08	E	SPAC4H3.08.1:pep	locus_exact	matched
PomBase	SPAC4H3.09	SPAC4H3.09	E	SPAC4H3.09.1:pep	locus_exact	matched
PomBase	SPAC4H3.10c	pyk1	E	SPAC4H3.10c.1:pep	locus_exact	matched
PomBase	SPAC4H3.11c	ppc89	E	SPAC4H3.11c.1:pep	locus_exact	matched
PomBase	SPAC56E4.02c	alg13	E	SPAC56E4.02c.1:pep	locus_exact	matched
PomBase	SPAC56E4.04c	cut6	E	SPAC56E4.04c.1:pep	locus_exact	matched
PomBase	SPAC56E4.05	snd2	E	SPAC56E4.05.1:pep	locus_exact	matched
PomBase	SPAC56F8.03	tif52	E	SPAC56F8.03.1:pep	locus_exact	matched
PomBase	SPAC56F8.04c	ppt1	E	SPAC56F8.04c.1:pep	locus_exact	matched
PomBase	SPAC56F8.07	SPAC56F8.07	E	SPAC56F8.07.1:pep	locus_exact	matched
PomBase	SPAC56F8.10	met9	E	SPAC56F8.10.1:pep	locus_exact	matched
PomBase	SPAC56F8.11	spc3	E	SPAC56F8.11.1:pep	locus_exact	matched
PomBase	SPAC57A10.05c	pof1	E	SPAC57A10.05c.1:pep	locus_exact	matched
PomBase	SPAC57A10.11c	mia40	E	SPAC57A10.11c.1:pep	locus_exact	matched
PomBase	SPAC57A7.06	utp14	E	SPAC57A7.06.1:pep	locus_exact	matched
PomBase	SPAC57A7.10c	sec21	E	SPAC57A7.10c.1:pep	locus_exact	matched
PomBase	SPAC57A7.11	mip1	E	SPAC57A7.11.1:pep	locus_exact	matched
PomBase	SPAC589.04	mtx1	E	SPAC589.04.1:pep	locus_exact	matched
PomBase	SPAC607.03c	snu13	E	SPAC607.03c.1:pep	locus_exact	matched
PomBase	SPAC607.04	arg82	E	SPAC607.04.1:pep	locus_exact	matched
PomBase	SPAC607.05	rpn9	E	SPAC607.05.1:pep	locus_exact	matched
PomBase	SPAC630.03	arp3	E	SPAC630.03.1:pep	locus_exact	matched
PomBase	SPAC630.08c	erg25	E	SPAC630.08c.1:pep	locus_exact	matched
PomBase	SPAC630.12	SPAC630.12	E	SPAC630.12.1:pep	locus_exact	matched
PomBase	SPAC637.04	ypp1	E	SPAC637.04.1:pep	locus_exact	matched
PomBase	SPAC637.05c	vma2	E	SPAC637.05c.1:pep	locus_exact	matched
PomBase	SPAC637.08	nbp35	E	SPAC637.08.1:pep	locus_exact	matched
PomBase	SPAC637.12c	mst1	E	SPAC637.12c.1:pep	locus_exact	matched
PomBase	SPAC644.04	pct1	E	SPAC644.04.1:pep	locus_exact	matched
PomBase	SPAC644.05c	dut1	E	SPAC644.05c.1:pep	locus_exact	matched
PomBase	SPAC644.10	med11	E	SPAC644.10.1:pep	locus_exact	matched
PomBase	SPAC644.12	cdc5	E	SPAC644.12.1:pep	locus_exact	matched
PomBase	SPAC644.16	rna15	E	SPAC644.16.1:pep	locus_exact	matched
PomBase	SPAC644.17c	mrpl9	E	SPAC644.17c.1:pep	locus_exact	matched
PomBase	SPAC644.18c	bet3	E	SPAC644.18c.1:pep	locus_exact	matched
PomBase	SPAC664.05	rpl13	E	SPAC664.05.1:pep	locus_exact	matched
PomBase	SPAC664.06	rlp7	E	SPAC664.06.1:pep	locus_exact	matched
PomBase	SPAC664.08c	bfr2	E	SPAC664.08c.1:pep	locus_exact	matched
PomBase	SPAC664.09	ggt1	E	SPAC664.09.1:pep	locus_exact	matched
PomBase	SPAC664.11	ssc1	E	SPAC664.11.1:pep	locus_exact	matched
PomBase	SPAC688.02c	mis14	E	SPAC688.02c.1:pep	locus_exact	matched
PomBase	SPAC688.09	rim2	E	SPAC688.09.1:pep	locus_exact	matched
PomBase	SPAC688.11	end4	E	SPAC688.11.1:pep	locus_exact	matched
PomBase	SPAC6B12.10c	spp1	E	SPAC6B12.10c.1:pep	locus_exact	matched
PomBase	SPAC6B12.11	drc1	E	SPAC6B12.11.1:pep	locus_exact	matched
PomBase	SPAC6B12.13	SPAC6B12.13	E	SPAC6B12.13.1:pep	locus_exact	matched
PomBase	SPAC6B12.18	gon7	E	SPAC6B12.18.1:pep	locus_exact	matched
PomBase	SPAC6C3.09	rpp40	E	SPAC6C3.09.1:pep	locus_exact	matched
PomBase	SPAC6F12.05c	tnr3	E	SPAC6F12.05c.1:pep	locus_exact	matched
PomBase	SPAC6F12.07	tom20	E	SPAC6F12.07.1:pep	locus_exact	matched
PomBase	SPAC6F12.08c	exo84	E	SPAC6F12.08c.1:pep	locus_exact	matched
PomBase	SPAC6F12.11c	sfc1	E	SPAC6F12.11c.1:pep	locus_exact	matched
PomBase	SPAC6F12.13c	fps1	E	SPAC6F12.13c.1:pep	locus_exact	matched
PomBase	SPAC6F12.14	cut23	E	SPAC6F12.14.1:pep	locus_exact	matched
PomBase	SPAC6F12.15c	cut9	E	SPAC6F12.15c.1:pep	locus_exact	matched
PomBase	SPAC6F12.16c	mtr4	E	SPAC6F12.16c.1:pep	locus_exact	matched
PomBase	SPAC6F12.17	rna14	E	SPAC6F12.17.1:pep	locus_exact	matched
PomBase	SPAC6F6.05	ost2	E	SPAC6F6.05.1:pep	locus_exact	matched
PomBase	SPAC6F6.07c	rps13	E	SPAC6F6.07c.1:pep	locus_exact	matched
PomBase	SPAC6F6.08c	cdc16	E	SPAC6F6.08c.1:pep	locus_exact	matched
PomBase	SPAC6F6.10c	arc2	E	SPAC6F6.10c.1:pep	locus_exact	matched
PomBase	SPAC6F6.15	ypt5	E	SPAC6F6.15.1:pep	locus_exact	matched
PomBase	SPAC6F6.16c	tpz1	E	SPAC6F6.16c.1:pep	locus_exact	matched
PomBase	SPAC6G10.04c	pre5	E	SPAC6G10.04c.1:pep	locus_exact	matched
PomBase	SPAC6G10.05c	trs120	E	SPAC6G10.05c.1:pep	locus_exact	matched
PomBase	SPAC6G10.07	cbc1	E	SPAC6G10.07.1:pep	locus_exact	matched
PomBase	SPAC6G10.09	gls1	E	SPAC6G10.09.1:pep	locus_exact	matched
PomBase	SPAC6G9.02c	nop9	E	SPAC6G9.02c.1:pep	locus_exact	matched
PomBase	SPAC6G9.06c	pcp1	E	SPAC6G9.06c.1:pep	locus_exact	matched
PomBase	SPAC6G9.07c	arc4	E	SPAC6G9.07c.1:pep	locus_exact	matched
PomBase	SPAC6G9.11	syb1	E	SPAC6G9.11.1:pep	locus_exact	matched
PomBase	SPAC732.01	vma11	E	SPAC732.01.1:pep	locus_exact	matched
PomBase	SPAC7D4.07c	trx1	E	SPAC7D4.07c.1:pep	locus_exact	matched
PomBase	SPAC7D4.09c	dfg10	E	SPAC7D4.09c.1:pep	locus_exact	matched
PomBase	SPAC7D4.10	vma13	E	SPAC7D4.10.1:pep	locus_exact	matched
PomBase	SPAC7D4.11c	sec39	E	SPAC7D4.11c.1:pep	locus_exact	matched
PomBase	SPAC806.02c	SPAC806.02c	E	SPAC806.02c.1:pep	locus_exact	matched
PomBase	SPAC806.05	SPAC806.05	E	SPAC806.05.1:pep	locus_exact	matched
PomBase	SPAC806.06c	SPAC806.06c	E	SPAC806.06c.1:pep	locus_exact	matched
PomBase	SPAC821.08c	slp1	E	SPAC821.08c.1:pep	locus_exact	matched
PomBase	SPAC821.10c	sod1	E	SPAC821.10c.1:pep	locus_exact	matched
PomBase	SPAC821.12	orb6	E	SPAC821.12.1:pep	locus_exact	matched
PomBase	SPAC823.04	rrp36	E	SPAC823.04.1:pep	locus_exact	matched
PomBase	SPAC823.06	taf3	E	SPAC823.06.1:pep	locus_exact	matched
PomBase	SPAC823.07	pga3	E	SPAC823.07.1:pep	locus_exact	matched
PomBase	SPAC823.08c	rrp3	E	SPAC823.08c.1:pep	locus_exact	matched
PomBase	SPAC823.11	sgp1	E	SPAC823.11.1:pep	locus_exact	matched
PomBase	SPAC823.12	vps11	E	SPAC823.12.1:pep	locus_exact	matched
PomBase	SPAC824.05	vps16	E	SPAC824.05.1:pep	locus_exact	matched
PomBase	SPAC824.06	tim14	E	SPAC824.06.1:pep	locus_exact	matched
PomBase	SPAC890.04c	ytm1	E	SPAC890.04c.1:pep	locus_exact	matched
PomBase	SPAC890.06	nup155	E	SPAC890.06.1:pep	locus_exact	matched
PomBase	SPAC890.08	rpl31	E	SPAC890.08.1:pep	locus_exact	matched
PomBase	SPAC8C9.15c	tif225	E	SPAC8C9.15c.1:pep	locus_exact	matched
PomBase	SPAC8E11.02c	rad24	E	SPAC8E11.02c.1:pep	locus_exact	matched
PomBase	SPAC8F11.04	SPAC8F11.04	E	SPAC8F11.04.1:pep	locus_exact	matched
PomBase	SPAC8F11.06	brr6	E	SPAC8F11.06.1:pep	locus_exact	matched
PomBase	SPAC8F11.07c	cdc24	E	SPAC8F11.07c.1:pep	locus_exact	matched
PomBase	SPAC9.03c	brr2	E	SPAC9.03c.1:pep	locus_exact	matched
PomBase	SPAC926.03	rlc1	E	SPAC926.03.1:pep	locus_exact	matched
PomBase	SPAC926.04c	hsp90	E	SPAC926.04c.1:pep	locus_exact	matched
PomBase	SPAC926.08c	rpf2	E	SPAC926.08c.1:pep	locus_exact	matched
PomBase	SPAC959.02	sec17	E	SPAC959.02.1:pep	locus_exact	matched
PomBase	SPAC959.03c	utp7	E	SPAC959.03c.1:pep	locus_exact	matched
PomBase	SPAC959.09c	apc5	E	SPAC959.09c.1:pep	locus_exact	matched
PomBase	SPAC959.10	sen15	E	SPAC959.10.1:pep	locus_exact	matched
PomBase	SPAC9E9.06c	SPAC9E9.06c	E	SPAC9E9.06c.1:pep	locus_exact	matched
PomBase	SPAC9E9.07c	ypt2	E	SPAC9E9.07c.1:pep	locus_exact	matched
PomBase	SPAC9G1.09	sid1	E	SPAC9G1.09.1:pep	locus_exact	matched
PomBase	SPAC9G1.13c	swc4	E	SPAC9G1.13c.1:pep	locus_exact	matched
PomBase	SPAC9G1.15c	mzt1	E	SPAC9G1.15c.1:pep	locus_exact	matched
PomBase	SPACUNK4.06c	rpb7	E	SPACUNK4.06c.1:pep	locus_exact	matched
PomBase	SPAP14E8.03	bos1	E	SPAP14E8.03.1:pep	locus_exact	matched
PomBase	SPAP19A11.05c	mrp7	E	SPAP19A11.05c.1:pep	locus_exact	matched
PomBase	SPAP27G11.03	cdc123	E	SPAP27G11.03.1:pep	locus_exact	matched
PomBase	SPAP27G11.04c	tad3	E	SPAP27G11.04c.1:pep	locus_exact	matched
PomBase	SPAP27G11.07c	bud32	E	SPAP27G11.07c.1:pep	locus_exact	matched
PomBase	SPAP27G11.09c	rib1	E	SPAP27G11.09c.1:pep	locus_exact	matched
PomBase	SPAP27G11.13c	nop10	E	SPAP27G11.13c.1:pep	locus_exact	matched
PomBase	SPAP7G5.02c	gua2	E	SPAP7G5.02c.1:pep	locus_exact	matched
PomBase	SPAP8A3.06	uaf2	E	SPAP8A3.06.1:pep	locus_exact	matched
PomBase	SPAP8A3.08	cdc4	E	SPAP8A3.08.1:pep	locus_exact	matched
PomBase	SPAP8A3.09c	paa1	E	SPAP8A3.09c.1:pep	locus_exact	matched
PomBase	SPAP8A3.10	ups1	E	SPAP8A3.10.1:pep	locus_exact	matched
PomBase	SPAP8A3.11c	mtg2	E	SPAP8A3.11c.1:pep	locus_exact	matched
PomBase	SPAPB17E12.06	sos7	E	SPAPB17E12.06.1:pep	locus_exact	matched
PomBase	SPAPB17E12.07c	sen2	E	SPAPB17E12.07c.1:pep	locus_exact	matched
PomBase	SPAPB17E12.09	SPAPB17E12.09	E	SPAPB17E12.09.1:pep	locus_exact	matched
PomBase	SPAPB17E12.10c	SPAPB17E12.10c	E	SPAPB17E12.10c.1:pep	locus_exact	matched
PomBase	SPAPB17E12.11	ost3	E	SPAPB17E12.11.1:pep	locus_exact	matched
PomBase	SPAPB1A10.02	scm3	E	SPAPB1A10.02.1:pep	locus_exact	matched
PomBase	SPAPB1A10.04c	cwp1	E	SPAPB1A10.04c.1:pep	locus_exact	matched
PomBase	SPAPB1A10.06c	dhx37	E	SPAPB1A10.06c.1:pep	locus_exact	matched
PomBase	SPAPB1A10.11c	mse1	E	SPAPB1A10.11c.1:pep	locus_exact	matched
PomBase	SPAPB1E7.01c	SPAPB1E7.01c	E	SPAPB1E7.01c.1:pep	locus_exact	matched
PomBase	SPAPB1E7.02c	mcl1	E	SPAPB1E7.02c.1:pep	locus_exact	matched
PomBase	SPAPB1E7.03	rpc82	E	SPAPB1E7.03.1:pep	locus_exact	matched
PomBase	SPAPB1E7.09	ogm2	E	SPAPB1E7.09.1:pep	locus_exact	matched
PomBase	SPAPB1E7.10	rpc17	E	SPAPB1E7.10.1:pep	locus_exact	matched
PomBase	SPAPB24D3.06c	SPAPB24D3.06c	E	SPAPB24D3.06c.1:pep	locus_exact	matched
PomBase	SPAPB2B4.01c	gpi12	E	SPAPB2B4.01c.1:pep	locus_exact	matched
PomBase	SPAPB2B4.02	grx5	E	SPAPB2B4.02.1:pep	locus_exact	matched
PomBase	SPAPB2B4.05	vma5	E	SPAPB2B4.05.1:pep	locus_exact	matched
PomBase	SPAPB8E5.07c	rrp12	E	SPAPB8E5.07c.1:pep	locus_exact	matched
PomBase	SPAPB8E5.09	rvb1	E	SPAPB8E5.09.1:pep	locus_exact	matched
PomBase	SPAPJ698.03c	prp12	E	SPAPJ698.03c.1:pep	locus_exact	matched
PomBase	SPAPYUG7.05	SPAPYUG7.05	E	SPAPYUG7.05.1:pep	locus_exact	matched
PomBase	SPBC106.06	cct4	E	SPBC106.06.1:pep	locus_exact	matched
PomBase	SPBC106.09	cut4	E	SPBC106.09.1:pep	locus_exact	matched
PomBase	SPBC106.14c	sda1	E	SPBC106.14c.1:pep	locus_exact	matched
PomBase	SPBC106.15	idi1	E	SPBC106.15.1:pep	locus_exact	matched
PomBase	SPBC106.18	rpl2501	E	SPBC106.18.1:pep	locus_exact	matched
PomBase	SPBC106.20	exo70	E	SPBC106.20.1:pep	locus_exact	matched
PomBase	SPBC1105.03c	mrpl16	E	SPBC1105.03c.1:pep	locus_exact	matched
PomBase	SPBC1105.06	pmc4	E	SPBC1105.06.1:pep	locus_exact	matched
PomBase	SPBC1105.07c	pci2	E	SPBC1105.07c.1:pep	locus_exact	matched
PomBase	SPBC1105.16c	rpr2	E	SPBC1105.16c.1:pep	locus_exact	matched
PomBase	SPBC1105.17	cnp1	E	SPBC1105.17.1:pep	locus_exact	matched
PomBase	SPBC115.01c	rrp46	E	SPBC115.01c.1:pep	locus_exact	matched
PomBase	SPBC119.01	rpn3	E	SPBC119.01.1:pep	locus_exact	matched
PomBase	SPBC119.02	ubc4	E	SPBC119.02.1:pep	locus_exact	matched
PomBase	SPBC119.09c	orm1	E	SPBC119.09c.1:pep	locus_exact	matched
PomBase	SPBC119.11c	pac1	E	SPBC119.11c.1:pep	locus_exact	matched
PomBase	SPBC119.13c	prp31	E	SPBC119.13c.1:pep	locus_exact	matched
PomBase	SPBC119.15	npa3	E	SPBC119.15.1:pep	locus_exact	matched
PomBase	SPBC119.17	cym1	E	SPBC119.17.1:pep	locus_exact	matched
PomBase	SPBC119.18	mdm35	E	SPBC119.18.1:pep	locus_exact	matched
PomBase	SPBC1198.02	dea2	E	SPBC1198.02.1:pep	locus_exact	matched
PomBase	SPBC1198.04c	zas1	E	SPBC1198.04c.1:pep	locus_exact	matched
PomBase	SPBC1198.05	SPBC1198.05	E	SPBC1198.05.1:pep	locus_exact	matched
PomBase	SPBC1198.10c	slm5	E	SPBC1198.10c.1:pep	locus_exact	matched
PomBase	SPBC1198.13c	tfg2	E	SPBC1198.13c.1:pep	locus_exact	matched
PomBase	SPBC11B10.01	alg2	E	SPBC11B10.01.1:pep	locus_exact	matched
PomBase	SPBC11B10.03	cog8	E	SPBC11B10.03.1:pep	locus_exact	matched
PomBase	SPBC11B10.04c	mrps28	E	SPBC11B10.04c.1:pep	locus_exact	matched
PomBase	SPBC11B10.09	cdc2	E	SPBC11B10.09.1:pep	locus_exact	matched
PomBase	SPBC11C11.03	ndc80	E	SPBC11C11.03.1:pep	locus_exact	matched
PomBase	SPBC11C11.04c	alp1	E	SPBC11C11.04c.1:pep	locus_exact	matched
PomBase	SPBC11C11.05	SPBC11C11.05	E	SPBC11C11.05.1:pep	locus_exact	matched
PomBase	SPBC11G11.04	trs20	E	SPBC11G11.04.1:pep	locus_exact	matched
PomBase	SPBC11G11.06c	sme1	E	SPBC11G11.06c.1:pep	locus_exact	matched
PomBase	SPBC11G11.07	mtr10	E	SPBC11G11.07.1:pep	locus_exact	matched
PomBase	SPBC1215.02c	naa25	E	SPBC1215.02c.1:pep	locus_exact	matched
PomBase	SPBC1271.02	stt3	E	SPBC1271.02.1:pep	locus_exact	matched
PomBase	SPBC1271.04c	dys1	E	SPBC1271.04c.1:pep	locus_exact	matched
PomBase	SPBC1271.13	mrpl8	E	SPBC1271.13.1:pep	locus_exact	matched
PomBase	SPBC1289.02c	uap2	E	SPBC1289.02c.1:pep	locus_exact	matched
PomBase	SPBC1289.03c	spi1	E	SPBC1289.03c.1:pep	locus_exact	matched
PomBase	SPBC1289.04c	pob1	E	SPBC1289.04c.1:pep	locus_exact	matched
PomBase	SPBC1289.05c	vma10	E	SPBC1289.05c.1:pep	locus_exact	matched
PomBase	SPBC1289.07c	rpc40	E	SPBC1289.07c.1:pep	locus_exact	matched
PomBase	SPBC1289.12	usp109	E	SPBC1289.12.1:pep	locus_exact	matched
PomBase	SPBC12C2.05c	bzz1	E	SPBC12C2.05c.1:pep	locus_exact	matched
PomBase	SPBC12C2.06	dbp5	E	SPBC12C2.06.1:pep	locus_exact	matched
PomBase	SPBC12C2.10c	pst1	E	SPBC12C2.10c.1:pep	locus_exact	matched
PomBase	SPBC12C2.11	gfa1	E	SPBC12C2.11.1:pep	locus_exact	matched
PomBase	SPBC12D12.01	sad1	E	SPBC12D12.01.1:pep	locus_exact	matched
PomBase	SPBC12D12.03	cct1	E	SPBC12D12.03.1:pep	locus_exact	matched
PomBase	SPBC12D12.08c	ned8	E	SPBC12D12.08c.1:pep	locus_exact	matched
PomBase	SPBC1306.01c	mef1	E	SPBC1306.01c.1:pep	locus_exact	matched
PomBase	SPBC1347.04	tim54	E	SPBC1347.04.1:pep	locus_exact	matched
PomBase	SPBC1347.05c	SPBC1347.05c	E	SPBC1347.05c.1:pep	locus_exact	matched
PomBase	SPBC1347.10	cdc23	E	SPBC1347.10.1:pep	locus_exact	matched
PomBase	SPBC1348.06c	SPBC1348.06c	E	SPBC1348.06c.1:pep	locus_exact	matched
PomBase	SPBC13A2.01c	cbc2	E	SPBC13A2.01c.1:pep	locus_exact	matched
PomBase	SPBC13A2.02	nup82	E	SPBC13A2.02.1:pep	locus_exact	matched
PomBase	SPBC13A2.03	SPBC13A2.03	E	SPBC13A2.03.1:pep	locus_exact	matched
PomBase	SPBC13E7.01	cwf22	E	SPBC13E7.01.1:pep	locus_exact	matched
PomBase	SPBC13E7.02	cwf24	E	SPBC13E7.02.1:pep	locus_exact	matched
PomBase	SPBC13E7.05	gpi14	E	SPBC13E7.05.1:pep	locus_exact	matched
PomBase	SPBC13E7.10c	brf1	E	SPBC13E7.10c.1:pep	locus_exact	matched
PomBase	SPBC13G1.01c	nam9	E	SPBC13G1.01c.1:pep	locus_exact	matched
PomBase	SPBC13G1.05	SPBC13G1.05	E	SPBC13G1.05.1:pep	locus_exact	matched
PomBase	SPBC13G1.06c	isd11	E	SPBC13G1.06c.1:pep	locus_exact	matched
PomBase	SPBC13G1.07	swf1	E	SPBC13G1.07.1:pep	locus_exact	matched
PomBase	SPBC13G1.09	enp1	E	SPBC13G1.09.1:pep	locus_exact	matched
PomBase	SPBC13G1.11	ykt6	E	SPBC13G1.11.1:pep	locus_exact	matched
PomBase	SPBC146.01	med15	E	SPBC146.01.1:pep	locus_exact	matched
PomBase	SPBC146.03c	cut3	E	SPBC146.03c.1:pep	locus_exact	matched
PomBase	SPBC146.05c	cwf25	E	SPBC146.05c.1:pep	locus_exact	matched
PomBase	SPBC146.07	prp2	E	SPBC146.07.1:pep	locus_exact	matched
PomBase	SPBC146.12	coq6	E	SPBC146.12.1:pep	locus_exact	matched
PomBase	SPBC146.13c	myo1	E	SPBC146.13c.1:pep	locus_exact	matched
PomBase	SPBC146.14c	sec26	E	SPBC146.14c.1:pep	locus_exact	matched
PomBase	SPBC14C8.01c	cut2	E	SPBC14C8.01c.1:pep	locus_exact	matched
PomBase	SPBC14C8.02	tim44	E	SPBC14C8.02.1:pep	locus_exact	matched
PomBase	SPBC14C8.06	arc1	E	SPBC14C8.06.1:pep	locus_exact	matched
PomBase	SPBC14C8.07c	cdc18	E	SPBC14C8.07c.1:pep	locus_exact	matched
PomBase	SPBC14C8.10	mrpl24	E	SPBC14C8.10.1:pep	locus_exact	matched
PomBase	SPBC14C8.12	rpb8	E	SPBC14C8.12.1:pep	locus_exact	matched
PomBase	SPBC14C8.14c	pol5	E	SPBC14C8.14c.1:pep	locus_exact	matched
PomBase	SPBC14C8.16c	bot1	E	SPBC14C8.16c.1:pep	locus_exact	matched
PomBase	SPBC14F5.02	trs65	E	SPBC14F5.02.1:pep	locus_exact	matched
PomBase	SPBC14F5.04c	pgk1	E	SPBC14F5.04c.1:pep	locus_exact	matched
PomBase	SPBC14F5.05c	sam1	E	SPBC14F5.05c.1:pep	locus_exact	matched
PomBase	SPBC14F5.06	rli1	E	SPBC14F5.06.1:pep	locus_exact	matched
PomBase	SPBC14F5.08	med7	E	SPBC14F5.08.1:pep	locus_exact	matched
PomBase	SPBC1539.01c	mrp15	E	SPBC1539.01c.1:pep	locus_exact	matched
PomBase	SPBC1539.05	cog3	E	SPBC1539.05.1:pep	locus_exact	matched
PomBase	SPBC1539.09c	trp1	E	SPBC1539.09c.1:pep	locus_exact	matched
PomBase	SPBC15C4.03	mrs6	E	SPBC15C4.03.1:pep	locus_exact	matched
PomBase	SPBC15D4.04	gpt2	E	SPBC15D4.04.1:pep	locus_exact	matched
PomBase	SPBC15D4.11c	SPBC15D4.11c	E	SPBC15D4.11c.1:pep	locus_exact	matched
PomBase	SPBC15D4.14	taf5l	E	SPBC15D4.14.1:pep	locus_exact	matched
PomBase	SPBC1604.05	pgi1	E	SPBC1604.05.1:pep	locus_exact	matched
PomBase	SPBC1604.06c	noc4	E	SPBC1604.06c.1:pep	locus_exact	matched
PomBase	SPBC1604.08c	imp1	E	SPBC1604.08c.1:pep	locus_exact	matched
PomBase	SPBC1604.10	srb7	E	SPBC1604.10.1:pep	locus_exact	matched
PomBase	SPBC1604.13c	mrpl32	E	SPBC1604.13c.1:pep	locus_exact	matched
PomBase	SPBC1604.14c	shk1	E	SPBC1604.14c.1:pep	locus_exact	matched
PomBase	SPBC1604.15	gpi16	E	SPBC1604.15.1:pep	locus_exact	matched
PomBase	SPBC1604.17c	tti2	E	SPBC1604.17c.1:pep	locus_exact	matched
PomBase	SPBC1604.21c	ptr3	E	SPBC1604.21c.1:pep	locus_exact	matched
PomBase	SPBC1677.02	dpm3	E	SPBC1677.02.1:pep	locus_exact	matched
PomBase	SPBC1677.03c	tda1	E	SPBC1677.03c.1:pep	locus_exact	matched
PomBase	SPBC1685.03	sec11	E	SPBC1685.03.1:pep	locus_exact	matched
PomBase	SPBC1685.16	vma9	E	SPBC1685.16.1:pep	locus_exact	matched
PomBase	SPBC16A3.04	rsm25	E	SPBC16A3.04.1:pep	locus_exact	matched
PomBase	SPBC16A3.05c	rae1	E	SPBC16A3.05c.1:pep	locus_exact	matched
PomBase	SPBC16A3.09c	ufd1	E	SPBC16A3.09c.1:pep	locus_exact	matched
PomBase	SPBC16A3.11	eso1	E	SPBC16A3.11.1:pep	locus_exact	matched
PomBase	SPBC16A3.15c	nda2	E	SPBC16A3.15c.1:pep	locus_exact	matched
PomBase	SPBC16C6.07c	rpt1	E	SPBC16C6.07c.1:pep	locus_exact	matched
PomBase	SPBC16C6.12c	las1	E	SPBC16C6.12c.1:pep	locus_exact	matched
PomBase	SPBC16C6.13c	sec27	E	SPBC16C6.13c.1:pep	locus_exact	matched
PomBase	SPBC16D10.04c	dna2	E	SPBC16D10.04c.1:pep	locus_exact	matched
PomBase	SPBC16D10.09	pcn1	E	SPBC16D10.09.1:pep	locus_exact	matched
PomBase	SPBC16D10.10	tad2	E	SPBC16D10.10.1:pep	locus_exact	matched
PomBase	SPBC16E9.05	erg6	E	SPBC16E9.05.1:pep	locus_exact	matched
PomBase	SPBC16E9.10c	rix7	E	SPBC16E9.10c.1:pep	locus_exact	matched
PomBase	SPBC16G5.01	rpn12	E	SPBC16G5.01.1:pep	locus_exact	matched
PomBase	SPBC16G5.04	mrpl23	E	SPBC16G5.04.1:pep	locus_exact	matched
PomBase	SPBC16G5.08	trp4	E	SPBC16G5.08.1:pep	locus_exact	matched
PomBase	SPBC16G5.10	rrp42	E	SPBC16G5.10.1:pep	locus_exact	matched
PomBase	SPBC16G5.12c	top3	E	SPBC16G5.12c.1:pep	locus_exact	matched
PomBase	SPBC16G5.14c	rps3	E	SPBC16G5.14c.1:pep	locus_exact	matched
PomBase	SPBC16G5.18	erg24	E	SPBC16G5.18.1:pep	locus_exact	matched
PomBase	SPBC16H5.02	pfk1	E	SPBC16H5.02.1:pep	locus_exact	matched
PomBase	SPBC16H5.10c	prp43	E	SPBC16H5.10c.1:pep	locus_exact	matched
PomBase	SPBC16H5.15	SPBC16H5.15	E	SPBC16H5.15.1:pep	locus_exact	matched
PomBase	SPBC1703.01c	pop4	E	SPBC1703.01c.1:pep	locus_exact	matched
PomBase	SPBC1703.02	rsc9	E	SPBC1703.02.1:pep	locus_exact	matched
PomBase	SPBC1703.05	rio2	E	SPBC1703.05.1:pep	locus_exact	matched
PomBase	SPBC1703.10	ypt1	E	SPBC1703.10.1:pep	locus_exact	matched
PomBase	SPBC1709.02c	vrs1	E	SPBC1709.02c.1:pep	locus_exact	matched
PomBase	SPBC1709.07	erg27	E	SPBC1709.07.1:pep	locus_exact	matched
PomBase	SPBC1709.08	cft1	E	SPBC1709.08.1:pep	locus_exact	matched
PomBase	SPBC1709.15c	cft2	E	SPBC1709.15c.1:pep	locus_exact	matched
PomBase	SPBC1709.17	met7	E	SPBC1709.17.1:pep	locus_exact	matched
PomBase	SPBC1709.20	pop8	E	SPBC1709.20.1:pep	locus_exact	matched
PomBase	SPBC1711.07	rrb1	E	SPBC1711.07.1:pep	locus_exact	matched
PomBase	SPBC1711.10c	npl4	E	SPBC1711.10c.1:pep	locus_exact	matched
PomBase	SPBC1711.16	pwp1	E	SPBC1711.16.1:pep	locus_exact	matched
PomBase	SPBC1711.17	prp16	E	SPBC1711.17.1:pep	locus_exact	matched
PomBase	SPBC1718.04	sct1	E	SPBC1718.04.1:pep	locus_exact	matched
PomBase	SPBC1718.05	trs31	E	SPBC1718.05.1:pep	locus_exact	matched
PomBase	SPBC1718.06	msp1	E	SPBC1718.06.1:pep	locus_exact	matched
PomBase	SPBC1734.01c	esf1	E	SPBC1734.01c.1:pep	locus_exact	matched
PomBase	SPBC1734.02c	cdc27	E	SPBC1734.02c.1:pep	locus_exact	matched
PomBase	SPBC1734.03	fol1	E	SPBC1734.03.1:pep	locus_exact	matched
PomBase	SPBC1734.10c	ipa1	E	SPBC1734.10c.1:pep	locus_exact	matched
PomBase	SPBC1734.11	mas5	E	SPBC1734.11.1:pep	locus_exact	matched
PomBase	SPBC1734.14c	suc1	E	SPBC1734.14c.1:pep	locus_exact	matched
PomBase	SPBC1734.16c	pst3	E	SPBC1734.16c.1:pep	locus_exact	matched
PomBase	SPBC1773.07c	sbp1	E	SPBC1773.07c.1:pep	locus_exact	matched
PomBase	SPBC1773.10c	nrs1	E	SPBC1773.10c.1:pep	locus_exact	matched
PomBase	SPBC1773.11c	mug89	E	SPBC1773.11c.1:pep	locus_exact	matched
PomBase	SPBC1778.06c	fim1	E	SPBC1778.06c.1:pep	locus_exact	matched
PomBase	SPBC1778.08c	arc3	E	SPBC1778.08c.1:pep	locus_exact	matched
PomBase	SPBC17A3.01c	tim50	E	SPBC17A3.01c.1:pep	locus_exact	matched
PomBase	SPBC17A3.04c	rar1	E	SPBC17A3.04c.1:pep	locus_exact	matched
PomBase	SPBC17A3.07	pgr1	E	SPBC17A3.07.1:pep	locus_exact	matched
PomBase	SPBC17D1.01	spp41	E	SPBC17D1.01.1:pep	locus_exact	matched
PomBase	SPBC17D1.03c	rrp43	E	SPBC17D1.03c.1:pep	locus_exact	matched
PomBase	SPBC17D1.04	acr1	E	SPBC17D1.04.1:pep	locus_exact	matched
PomBase	SPBC17D11.05	tif32	E	SPBC17D11.05.1:pep	locus_exact	matched
PomBase	SPBC17D11.06	spp2	E	SPBC17D11.06.1:pep	locus_exact	matched
PomBase	SPBC17D11.07c	rpn2	E	SPBC17D11.07c.1:pep	locus_exact	matched
PomBase	SPBC17F3.02	nak1	E	SPBC17F3.02.1:pep	locus_exact	matched
PomBase	SPBC17G9.03c	krs1	E	SPBC17G9.03c.1:pep	locus_exact	matched
PomBase	SPBC17G9.04c	nup85	E	SPBC17G9.04c.1:pep	locus_exact	matched
PomBase	SPBC17G9.05	rct1	E	SPBC17G9.05.1:pep	locus_exact	matched
PomBase	SPBC17G9.11c	pyr1	E	SPBC17G9.11c.1:pep	locus_exact	matched
PomBase	SPBC17G9.13c	SPBC17G9.13c	E	SPBC17G9.13c.1:pep	locus_exact	matched
PomBase	SPBC1826.01c	mot1	E	SPBC1826.01c.1:pep	locus_exact	matched
PomBase	SPBC1861.04c	prp24	E	SPBC1861.04c.1:pep	locus_exact	matched
PomBase	SPBC1861.05	SPBC1861.05	E	SPBC1861.05.1:pep	locus_exact	matched
PomBase	SPBC1861.08c	lea1	E	SPBC1861.08c.1:pep	locus_exact	matched
PomBase	SPBC18E5.02c	lcb1	E	SPBC18E5.02c.1:pep	locus_exact	matched
PomBase	SPBC18E5.03c	sim4	E	SPBC18E5.03c.1:pep	locus_exact	matched
PomBase	SPBC18E5.06	rps21	E	SPBC18E5.06.1:pep	locus_exact	matched
PomBase	SPBC18E5.12c	mas2	E	SPBC18E5.12c.1:pep	locus_exact	matched
PomBase	SPBC18H10.03	tif35	E	SPBC18H10.03.1:pep	locus_exact	matched
PomBase	SPBC18H10.12c	rpl701	E	SPBC18H10.12c.1:pep	locus_exact	matched
PomBase	SPBC18H10.14	rps1601	E	SPBC18H10.14.1:pep	locus_exact	matched
PomBase	SPBC18H10.17c	SPBC18H10.17c	E	SPBC18H10.17c.1:pep	locus_exact	matched
PomBase	SPBC1921.02	rad60	E	SPBC1921.02.1:pep	locus_exact	matched
PomBase	SPBC19C2.01	cdc28	E	SPBC19C2.01.1:pep	locus_exact	matched
PomBase	SPBC19C2.03	rpc10	E	SPBC19C2.03.1:pep	locus_exact	matched
PomBase	SPBC19C2.05	pat1	E	SPBC19C2.05.1:pep	locus_exact	matched
PomBase	SPBC19C2.07	fba1	E	SPBC19C2.07.1:pep	locus_exact	matched
PomBase	SPBC19C2.08	prp38	E	SPBC19C2.08.1:pep	locus_exact	matched
PomBase	SPBC19C2.11c	mdm34	E	SPBC19C2.11c.1:pep	locus_exact	matched
PomBase	SPBC19C2.12	mrpl51	E	SPBC19C2.12.1:pep	locus_exact	matched
PomBase	SPBC19C2.15c	phs1	E	SPBC19C2.15c.1:pep	locus_exact	matched
PomBase	SPBC19C7.06	prs1	E	SPBC19C7.06.1:pep	locus_exact	matched
PomBase	SPBC19C7.07c	sen34	E	SPBC19C7.07c.1:pep	locus_exact	matched
PomBase	SPBC19F5.02c	utp4	E	SPBC19F5.02c.1:pep	locus_exact	matched
PomBase	SPBC19F5.03	sac11	E	SPBC19F5.03.1:pep	locus_exact	matched
PomBase	SPBC19F5.04	SPBC19F5.04	E	SPBC19F5.04.1:pep	locus_exact	matched
PomBase	SPBC19F5.05c	ppp1	E	SPBC19F5.05c.1:pep	locus_exact	matched
PomBase	SPBC19F8.05	SPBC19F8.05	E	SPBC19F8.05.1:pep	locus_exact	matched
PomBase	SPBC19F8.07	mcs6	E	SPBC19F8.07.1:pep	locus_exact	matched
PomBase	SPBC19G7.05c	bgs1	E	SPBC19G7.05c.1:pep	locus_exact	matched
PomBase	SPBC19G7.13	tbf1	E	SPBC19G7.13.1:pep	locus_exact	matched
PomBase	SPBC19G7.14c	cog5	E	SPBC19G7.14c.1:pep	locus_exact	matched
PomBase	SPBC19G7.15	nup44	E	SPBC19G7.15.1:pep	locus_exact	matched
PomBase	SPBC1A4.01	apc10	E	SPBC1A4.01.1:pep	locus_exact	matched
PomBase	SPBC1A4.03c	top2	E	SPBC1A4.03c.1:pep	locus_exact	matched
PomBase	SPBC1A4.06c	tam41	E	SPBC1A4.06c.1:pep	locus_exact	matched
PomBase	SPBC1A4.07c	sof1	E	SPBC1A4.07c.1:pep	locus_exact	matched
PomBase	SPBC1A4.08c	cct3	E	SPBC1A4.08c.1:pep	locus_exact	matched
PomBase	SPBC1A4.10c	med14	E	SPBC1A4.10c.1:pep	locus_exact	matched
PomBase	SPBC1A4.11c	SPBC1A4.11c	E	SPBC1A4.11c.1:pep	locus_exact	matched
PomBase	SPBC20F10.01	gar1	E	SPBC20F10.01.1:pep	locus_exact	matched
PomBase	SPBC20F10.04c	nse4	E	SPBC20F10.04c.1:pep	locus_exact	matched
PomBase	SPBC20F10.08c	rtp1	E	SPBC20F10.08c.1:pep	locus_exact	matched
PomBase	SPBC20F10.09	lsm5	E	SPBC20F10.09.1:pep	locus_exact	matched
PomBase	SPBC21.01	mis17	E	SPBC21.01.1:pep	locus_exact	matched
PomBase	SPBC21.04	med8	E	SPBC21.04.1:pep	locus_exact	matched
PomBase	SPBC21.06c	cdc7	E	SPBC21.06c.1:pep	locus_exact	matched
PomBase	SPBC211.01	rsm10	E	SPBC211.01.1:pep	locus_exact	matched
PomBase	SPBC211.02c	cwf3	E	SPBC211.02c.1:pep	locus_exact	matched
PomBase	SPBC211.03c	gea1	E	SPBC211.03c.1:pep	locus_exact	matched
PomBase	SPBC211.04c	mcm6	E	SPBC211.04c.1:pep	locus_exact	matched
PomBase	SPBC211.08c	mtr3	E	SPBC211.08c.1:pep	locus_exact	matched
PomBase	SPBC215.09c	erg10	E	SPBC215.09c.1:pep	locus_exact	matched
PomBase	SPBC215.12	cwf10	E	SPBC215.12.1:pep	locus_exact	matched
PomBase	SPBC215.15	sec13	E	SPBC215.15.1:pep	locus_exact	matched
PomBase	SPBC216.07c	tor2	E	SPBC216.07c.1:pep	locus_exact	matched
PomBase	SPBC21B10.11	dpm2	E	SPBC21B10.11.1:pep	locus_exact	matched
PomBase	SPBC21C3.04c	mrx14	E	SPBC21C3.04c.1:pep	locus_exact	matched
PomBase	SPBC21C3.05	sap62	E	SPBC21C3.05.1:pep	locus_exact	matched
PomBase	SPBC21C3.10c	rib7	E	SPBC21C3.10c.1:pep	locus_exact	matched
PomBase	SPBC21D10.05c	ucp3	E	SPBC21D10.05c.1:pep	locus_exact	matched
PomBase	SPBC21H7.02	taf10	E	SPBC21H7.02.1:pep	locus_exact	matched
PomBase	SPBC21H7.05	sfc6	E	SPBC21H7.05.1:pep	locus_exact	matched
PomBase	SPBC23E6.04c	utp10	E	SPBC23E6.04c.1:pep	locus_exact	matched
PomBase	SPBC23E6.06c	rib3	E	SPBC23E6.06c.1:pep	locus_exact	matched
PomBase	SPBC23E6.07c	rfc1	E	SPBC23E6.07c.1:pep	locus_exact	matched
PomBase	SPBC23E6.09	ssn6	E	SPBC23E6.09.1:pep	locus_exact	matched
PomBase	SPBC23G7.05	sui1	E	SPBC23G7.05.1:pep	locus_exact	matched
PomBase	SPBC23G7.12c	rpt6	E	SPBC23G7.12c.1:pep	locus_exact	matched
PomBase	SPBC244.01c	sid4	E	SPBC244.01c.1:pep	locus_exact	matched
PomBase	SPBC244.02c	utp6	E	SPBC244.02c.1:pep	locus_exact	matched
PomBase	SPBC24C6.02	spb4	E	SPBC24C6.02.1:pep	locus_exact	matched
PomBase	SPBC24C6.03	SPBC24C6.03	E	SPBC24C6.03.1:pep	locus_exact	matched
PomBase	SPBC24C6.07	cdc14	E	SPBC24C6.07.1:pep	locus_exact	matched
PomBase	SPBC25B2.05	mis3	E	SPBC25B2.05.1:pep	locus_exact	matched
PomBase	SPBC25B2.09c	mrs1	E	SPBC25B2.09c.1:pep	locus_exact	matched
PomBase	SPBC25D12.03c	mcm7	E	SPBC25D12.03c.1:pep	locus_exact	matched
PomBase	SPBC25D12.04	suc22	E	SPBC25D12.04.1:pep	locus_exact	matched
PomBase	SPBC25H2.02	trs1	E	SPBC25H2.02.1:pep	locus_exact	matched
PomBase	SPBC25H2.04c	tim22	E	SPBC25H2.04c.1:pep	locus_exact	matched
PomBase	SPBC25H2.06c	hrf1	E	SPBC25H2.06c.1:pep	locus_exact	matched
PomBase	SPBC25H2.07	tif11	E	SPBC25H2.07.1:pep	locus_exact	matched
PomBase	SPBC25H2.12c	cct7	E	SPBC25H2.12c.1:pep	locus_exact	matched
PomBase	SPBC25H2.13c	cdc20	E	SPBC25H2.13c.1:pep	locus_exact	matched
PomBase	SPBC26H8.02c	sec9	E	SPBC26H8.02c.1:pep	locus_exact	matched
PomBase	SPBC26H8.06	grx4	E	SPBC26H8.06.1:pep	locus_exact	matched
PomBase	SPBC26H8.07c	nda3	E	SPBC26H8.07c.1:pep	locus_exact	matched
PomBase	SPBC26H8.10	dis3	E	SPBC26H8.10.1:pep	locus_exact	matched
PomBase	SPBC27.01c	pga2	E	SPBC27.01c.1:pep	locus_exact	matched
PomBase	SPBC27B12.01c	mmm1	E	SPBC27B12.01c.1:pep	locus_exact	matched
PomBase	SPBC27B12.02	mis19	E	SPBC27B12.02.1:pep	locus_exact	matched
PomBase	SPBC27B12.06	gpi13	E	SPBC27B12.06.1:pep	locus_exact	matched
PomBase	SPBC27B12.12c	SPBC27B12.12c	E	SPBC27B12.12c.1:pep	locus_exact	matched
PomBase	SPBC27B12.13	tom40	E	SPBC27B12.13.1:pep	locus_exact	matched
PomBase	SPBC28E12.01c	apc13	E	SPBC28E12.01c.1:pep	locus_exact	matched
PomBase	SPBC28E12.05	esf2	E	SPBC28E12.05.1:pep	locus_exact	matched
PomBase	SPBC28F2.04c	cwf7	E	SPBC28F2.04c.1:pep	locus_exact	matched
PomBase	SPBC28F2.06c	mdm12	E	SPBC28F2.06c.1:pep	locus_exact	matched
PomBase	SPBC28F2.09	toa1	E	SPBC28F2.09.1:pep	locus_exact	matched
PomBase	SPBC28F2.12	rpb1	E	SPBC28F2.12.1:pep	locus_exact	matched
PomBase	SPBC29A10.04	psm1	E	SPBC29A10.04.1:pep	locus_exact	matched
PomBase	SPBC29A10.15	orc1	E	SPBC29A10.15.1:pep	locus_exact	matched
PomBase	SPBC29A3.04	rpl8	E	SPBC29A3.04.1:pep	locus_exact	matched
PomBase	SPBC29A3.06	utp18	E	SPBC29A3.06.1:pep	locus_exact	matched
PomBase	SPBC29A3.15c	rsm23	E	SPBC29A3.15c.1:pep	locus_exact	matched
PomBase	SPBC29A3.16	rrs1	E	SPBC29A3.16.1:pep	locus_exact	matched
PomBase	SPBC2A9.06c	nus1	E	SPBC2A9.06c.1:pep	locus_exact	matched
PomBase	SPBC2A9.08c	sec22	E	SPBC2A9.08c.1:pep	locus_exact	matched
PomBase	SPBC2A9.09	plp2	E	SPBC2A9.09.1:pep	locus_exact	matched
PomBase	SPBC2A9.10	SPBC2A9.10	E	SPBC2A9.10.1:pep	locus_exact	matched
PomBase	SPBC2A9.12	orc6	E	SPBC2A9.12.1:pep	locus_exact	matched
PomBase	SPBC2D10.08c	SPBC2D10.08c	E	SPBC2D10.08c.1:pep	locus_exact	matched
PomBase	SPBC2D10.11c	nap2	E	SPBC2D10.11c.1:pep	locus_exact	matched
PomBase	SPBC2D10.18	abc1	E	SPBC2D10.18.1:pep	locus_exact	matched
PomBase	SPBC2F12.02c	mrpl7	E	SPBC2F12.02c.1:pep	locus_exact	matched
PomBase	SPBC2F12.08c	ceg1	E	SPBC2F12.08c.1:pep	locus_exact	matched
PomBase	SPBC2F12.10	SPBC2F12.10	E	SPBC2F12.10.1:pep	locus_exact	matched
PomBase	SPBC2F12.14c	gua1	E	SPBC2F12.14c.1:pep	locus_exact	matched
PomBase	SPBC2G2.04c	mmf1	E	SPBC2G2.04c.1:pep	locus_exact	matched
PomBase	SPBC2G2.11	myr1	E	SPBC2G2.11.1:pep	locus_exact	matched
PomBase	SPBC2G2.12	hrs1	E	SPBC2G2.12.1:pep	locus_exact	matched
PomBase	SPBC2G2.16	mpi1	E	SPBC2G2.16.1:pep	locus_exact	matched
PomBase	SPBC2G5.05	SPBC2G5.05	E	SPBC2G5.05.1:pep	locus_exact	matched
PomBase	SPBC2G5.06c	hmt2	E	SPBC2G5.06c.1:pep	locus_exact	matched
PomBase	SPBC2G5.07c	rpc25	E	SPBC2G5.07c.1:pep	locus_exact	matched
PomBase	SPBC30B4.05	kap109	E	SPBC30B4.05.1:pep	locus_exact	matched
PomBase	SPBC30B4.07c	tfb4	E	SPBC30B4.07c.1:pep	locus_exact	matched
PomBase	SPBC30D10.02	ncb2	E	SPBC30D10.02.1:pep	locus_exact	matched
PomBase	SPBC30D10.06	lsm4	E	SPBC30D10.06.1:pep	locus_exact	matched
PomBase	SPBC30D10.07c	bpl1	E	SPBC30D10.07c.1:pep	locus_exact	matched
PomBase	SPBC30D10.08	mgm101	E	SPBC30D10.08.1:pep	locus_exact	matched
PomBase	SPBC30D10.11	gpi1	E	SPBC30D10.11.1:pep	locus_exact	matched
PomBase	SPBC30D10.12c	rsm27	E	SPBC30D10.12c.1:pep	locus_exact	matched
PomBase	SPBC30D10.15	SPBC30D10.15	E	SPBC30D10.15.1:pep	locus_exact	matched
PomBase	SPBC30D10.17c	smi1	E	SPBC30D10.17c.1:pep	locus_exact	matched
PomBase	SPBC31E1.03	hub1	E	SPBC31E1.03.1:pep	locus_exact	matched
PomBase	SPBC31E1.04	pep12	E	SPBC31E1.04.1:pep	locus_exact	matched
PomBase	SPBC31E1.05	gle1	E	SPBC31E1.05.1:pep	locus_exact	matched
PomBase	SPBC31E1.06	bms1	E	SPBC31E1.06.1:pep	locus_exact	matched
PomBase	SPBC31F10.04c	srb4	E	SPBC31F10.04c.1:pep	locus_exact	matched
PomBase	SPBC31F10.06c	sar1	E	SPBC31F10.06c.1:pep	locus_exact	matched
PomBase	SPBC31F10.11c	cwf4	E	SPBC31F10.11c.1:pep	locus_exact	matched
PomBase	SPBC32C12.02	ste11	E	SPBC32C12.02.1:pep	locus_exact	matched
PomBase	SPBC32F12.01c	css1	E	SPBC32F12.01c.1:pep	locus_exact	matched
PomBase	SPBC32F12.04	gtb1	E	SPBC32F12.04.1:pep	locus_exact	matched
PomBase	SPBC32F12.06	pch1	E	SPBC32F12.06.1:pep	locus_exact	matched
PomBase	SPBC32F12.10	SPBC32F12.10	E	SPBC32F12.10.1:pep	locus_exact	matched
PomBase	SPBC32H8.04c	utp24	E	SPBC32H8.04c.1:pep	locus_exact	matched
PomBase	SPBC32H8.10	cdk9	E	SPBC32H8.10.1:pep	locus_exact	matched
PomBase	SPBC32H8.12c	act1	E	SPBC32H8.12c.1:pep	locus_exact	matched
PomBase	SPBC336.02	cdh1	E	SPBC336.02.1:pep	locus_exact	matched
PomBase	SPBC336.04	cdc6	E	SPBC336.04.1:pep	locus_exact	matched
PomBase	SPBC336.07	sfc3	E	SPBC336.07.1:pep	locus_exact	matched
PomBase	SPBC336.08	spc24	E	SPBC336.08.1:pep	locus_exact	matched
PomBase	SPBC336.09c	rrn7	E	SPBC336.09c.1:pep	locus_exact	matched
PomBase	SPBC336.11	vps52	E	SPBC336.11.1:pep	locus_exact	matched
PomBase	SPBC336.12c	cdc10	E	SPBC336.12c.1:pep	locus_exact	matched
PomBase	SPBC336.15	pic1	E	SPBC336.15.1:pep	locus_exact	matched
PomBase	SPBC337.05c	cct8	E	SPBC337.05c.1:pep	locus_exact	matched
PomBase	SPBC337.06c	cwf15	E	SPBC337.06c.1:pep	locus_exact	matched
PomBase	SPBC337.12	red5	E	SPBC337.12.1:pep	locus_exact	matched
PomBase	SPBC337.13c	gtr1	E	SPBC337.13c.1:pep	locus_exact	matched
PomBase	SPBC337.14	rpb4	E	SPBC337.14.1:pep	locus_exact	matched
PomBase	SPBC337.15c	coq7	E	SPBC337.15c.1:pep	locus_exact	matched
PomBase	SPBC342.02	qrs1	E	SPBC342.02.1:pep	locus_exact	matched
PomBase	SPBC354.02c	sec61	E	SPBC354.02c.1:pep	locus_exact	matched
PomBase	SPBC354.06	mrps16	E	SPBC354.06.1:pep	locus_exact	matched
PomBase	SPBC359.02	alr2	E	SPBC359.02.1:pep	locus_exact	matched
PomBase	SPBC36.04	cys11	E	SPBC36.04.1:pep	locus_exact	matched
PomBase	SPBC36.05c	clr6	E	SPBC36.05c.1:pep	locus_exact	matched
PomBase	SPBC36.06c	spo9	E	SPBC36.06c.1:pep	locus_exact	matched
PomBase	SPBC36.08c	cog2	E	SPBC36.08c.1:pep	locus_exact	matched
PomBase	SPBC36.09	sap61	E	SPBC36.09.1:pep	locus_exact	matched
PomBase	SPBC36.12c	git7	E	SPBC36.12c.1:pep	locus_exact	matched
PomBase	SPBC365.05c	slu7	E	SPBC365.05c.1:pep	locus_exact	matched
PomBase	SPBC365.09c	kin17	E	SPBC365.09c.1:pep	locus_exact	matched
PomBase	SPBC365.15	alp4	E	SPBC365.15.1:pep	locus_exact	matched
PomBase	SPBC36B7.07	tlg1	E	SPBC36B7.07.1:pep	locus_exact	matched
PomBase	SPBC36B7.09	gcn2	E	SPBC36B7.09.1:pep	locus_exact	matched
PomBase	SPBC3B8.01c	arh1	E	SPBC3B8.01c.1:pep	locus_exact	matched
PomBase	SPBC3B8.09	utp3	E	SPBC3B8.09.1:pep	locus_exact	matched
PomBase	SPBC3B8.11	rrn6	E	SPBC3B8.11.1:pep	locus_exact	matched
PomBase	SPBC3B9.01	fes1	E	SPBC3B9.01.1:pep	locus_exact	matched
PomBase	SPBC3B9.02c	cwf28	E	SPBC3B9.02c.1:pep	locus_exact	matched
PomBase	SPBC3B9.03	srp101	E	SPBC3B9.03.1:pep	locus_exact	matched
PomBase	SPBC3B9.07c	rpa43	E	SPBC3B9.07c.1:pep	locus_exact	matched
PomBase	SPBC3B9.10	vti1	E	SPBC3B9.10.1:pep	locus_exact	matched
PomBase	SPBC3B9.12	trs23	E	SPBC3B9.12.1:pep	locus_exact	matched
PomBase	SPBC3B9.14c	mrpl3	E	SPBC3B9.14c.1:pep	locus_exact	matched
PomBase	SPBC3B9.16c	nup120	E	SPBC3B9.16c.1:pep	locus_exact	matched
PomBase	SPBC3B9.17	isa2	E	SPBC3B9.17.1:pep	locus_exact	matched
PomBase	SPBC3B9.18c	vma7	E	SPBC3B9.18c.1:pep	locus_exact	matched
PomBase	SPBC3B9.19	mge1	E	SPBC3B9.19.1:pep	locus_exact	matched
PomBase	SPBC3B9.21	dcp1	E	SPBC3B9.21.1:pep	locus_exact	matched
PomBase	SPBC3D6.03c	trz2	E	SPBC3D6.03c.1:pep	locus_exact	matched
PomBase	SPBC3D6.07	gpi3	E	SPBC3D6.07.1:pep	locus_exact	matched
PomBase	SPBC3D6.11c	slx8	E	SPBC3D6.11c.1:pep	locus_exact	matched
PomBase	SPBC3D6.12	dip2	E	SPBC3D6.12.1:pep	locus_exact	matched
PomBase	SPBC3E7.13c	syf2	E	SPBC3E7.13c.1:pep	locus_exact	matched
PomBase	SPBC3E7.14	smf1	E	SPBC3E7.14.1:pep	locus_exact	matched
PomBase	SPBC3F6.02c	erg26	E	SPBC3F6.02c.1:pep	locus_exact	matched
PomBase	SPBC3F6.04c	nop14	E	SPBC3F6.04c.1:pep	locus_exact	matched
PomBase	SPBC3H7.01	spo14	E	SPBC3H7.01.1:pep	locus_exact	matched
PomBase	SPBC3H7.03c	kgd1	E	SPBC3H7.03c.1:pep	locus_exact	matched
PomBase	SPBC3H7.04	SPBC3H7.04	E	SPBC3H7.04.1:pep	locus_exact	matched
PomBase	SPBC3H7.15	hhp1	E	SPBC3H7.15.1:pep	locus_exact	matched
PomBase	SPBC4.03c	sfb3	E	SPBC4.03c.1:pep	locus_exact	matched
PomBase	SPBC4.04c	mcm2	E	SPBC4.04c.1:pep	locus_exact	matched
PomBase	SPBC4.07c	rpt2	E	SPBC4.07c.1:pep	locus_exact	matched
PomBase	SPBC409.04c	mis12	E	SPBC409.04c.1:pep	locus_exact	matched
PomBase	SPBC409.05	skp1	E	SPBC409.05.1:pep	locus_exact	matched
PomBase	SPBC409.09c	mis13	E	SPBC409.09c.1:pep	locus_exact	matched
PomBase	SPBC409.12c	stn1	E	SPBC409.12c.1:pep	locus_exact	matched
PomBase	SPBC409.13	rib4	E	SPBC409.13.1:pep	locus_exact	matched
PomBase	SPBC409.14c	mrps17	E	SPBC409.14c.1:pep	locus_exact	matched
PomBase	SPBC409.15	tsr2	E	SPBC409.15.1:pep	locus_exact	matched
PomBase	SPBC409.21	sec66	E	SPBC409.21.1:pep	locus_exact	matched
PomBase	SPBC428.01c	nup107	E	SPBC428.01c.1:pep	locus_exact	matched
PomBase	SPBC428.13c	mob1	E	SPBC428.13c.1:pep	locus_exact	matched
PomBase	SPBC428.16c	rhb1	E	SPBC428.16c.1:pep	locus_exact	matched
PomBase	SPBC428.18	cdt1	E	SPBC428.18.1:pep	locus_exact	matched
PomBase	SPBC428.19c	utp15	E	SPBC428.19c.1:pep	locus_exact	matched
PomBase	SPBC428.20c	alp6	E	SPBC428.20c.1:pep	locus_exact	matched
PomBase	SPBC4B4.01c	ptk1	E	SPBC4B4.01c.1:pep	locus_exact	matched
PomBase	SPBC4B4.05	smg1	E	SPBC4B4.05.1:pep	locus_exact	matched
PomBase	SPBC4B4.09	usp105	E	SPBC4B4.09.1:pep	locus_exact	matched
PomBase	SPBC4C3.03	thr1	E	SPBC4C3.03.1:pep	locus_exact	matched
PomBase	SPBC4C3.05c	nuc1	E	SPBC4C3.05c.1:pep	locus_exact	matched
PomBase	SPBC4C3.07	eif6	E	SPBC4C3.07.1:pep	locus_exact	matched
PomBase	SPBC4C3.10c	pre3	E	SPBC4C3.10c.1:pep	locus_exact	matched
PomBase	SPBC4F6.07c	mak5	E	SPBC4F6.07c.1:pep	locus_exact	matched
PomBase	SPBC4F6.13c	erb1	E	SPBC4F6.13c.1:pep	locus_exact	matched
PomBase	SPBC4F6.14	nop4	E	SPBC4F6.14.1:pep	locus_exact	matched
PomBase	SPBC4F6.17c	hsp78	E	SPBC4F6.17c.1:pep	locus_exact	matched
PomBase	SPBC4F6.18c	arf1	E	SPBC4F6.18c.1:pep	locus_exact	matched
PomBase	SPBC530.12c	pdf1	E	SPBC530.12c.1:pep	locus_exact	matched
PomBase	SPBC530.16	ksh1	E	SPBC530.16.1:pep	locus_exact	matched
PomBase	SPBC543.04	npr3	E	SPBC543.04.1:pep	locus_exact	matched
PomBase	SPBC543.06c	dbp8	E	SPBC543.06c.1:pep	locus_exact	matched
PomBase	SPBC557.03c	pim1	E	SPBC557.03c.1:pep	locus_exact	matched
PomBase	SPBC56F2.07c	SPBC56F2.07c	E	SPBC56F2.07c.1:pep	locus_exact	matched
PomBase	SPBC577.06c	stt4	E	SPBC577.06c.1:pep	locus_exact	matched
PomBase	SPBC577.07	ubp10	E	SPBC577.07.1:pep	locus_exact	matched
PomBase	SPBC577.09	ckn1	E	SPBC577.09.1:pep	locus_exact	matched
PomBase	SPBC577.10	pre4	E	SPBC577.10.1:pep	locus_exact	matched
PomBase	SPBC582.03	cdc13	E	SPBC582.03.1:pep	locus_exact	matched
PomBase	SPBC582.07c	rpn7	E	SPBC582.07c.1:pep	locus_exact	matched
PomBase	SPBC609.01	SPBC609.01	E	SPBC609.01.1:pep	locus_exact	matched
PomBase	SPBC646.03	gta1	E	SPBC646.03.1:pep	locus_exact	matched
PomBase	SPBC646.04	pla1	E	SPBC646.04.1:pep	locus_exact	matched
PomBase	SPBC646.05c	erg9	E	SPBC646.05c.1:pep	locus_exact	matched
PomBase	SPBC646.07c	tsc13	E	SPBC646.07c.1:pep	locus_exact	matched
PomBase	SPBC646.10c	nop56	E	SPBC646.10c.1:pep	locus_exact	matched
PomBase	SPBC646.11	cct6	E	SPBC646.11.1:pep	locus_exact	matched
PomBase	SPBC646.14c	orc5	E	SPBC646.14c.1:pep	locus_exact	matched
PomBase	SPBC646.16	scl1	E	SPBC646.16.1:pep	locus_exact	matched
PomBase	SPBC649.05	cut12	E	SPBC649.05.1:pep	locus_exact	matched
PomBase	SPBC651.01c	nog1	E	SPBC651.01c.1:pep	locus_exact	matched
PomBase	SPBC651.08c	rpc1	E	SPBC651.08c.1:pep	locus_exact	matched
PomBase	SPBC660.13c	ssb1	E	SPBC660.13c.1:pep	locus_exact	matched
PomBase	SPBC660.15	msi2	E	SPBC660.15.1:pep	locus_exact	matched
PomBase	SPBC660.16	gnd1	E	SPBC660.16.1:pep	locus_exact	matched
PomBase	SPBC685.05	gpi15	E	SPBC685.05.1:pep	locus_exact	matched
PomBase	SPBC685.09	orc2	E	SPBC685.09.1:pep	locus_exact	matched
PomBase	SPBC691.02c	drp1	E	SPBC691.02c.1:pep	locus_exact	matched
PomBase	SPBC6B1.07	prp1	E	SPBC6B1.07.1:pep	locus_exact	matched
PomBase	SPBC6B1.10	prp17	E	SPBC6B1.10.1:pep	locus_exact	matched
PomBase	SPBC713.04c	pwp2	E	SPBC713.04c.1:pep	locus_exact	matched
PomBase	SPBC713.10	tim16	E	SPBC713.10.1:pep	locus_exact	matched
PomBase	SPBC713.12	erg1	E	SPBC713.12.1:pep	locus_exact	matched
PomBase	SPBC725.08	pir2	E	SPBC725.08.1:pep	locus_exact	matched
PomBase	SPBC725.10	tps0	E	SPBC725.10.1:pep	locus_exact	matched
PomBase	SPBC725.11c	php2	E	SPBC725.11c.1:pep	locus_exact	matched
PomBase	SPBC725.13c	psf2	E	SPBC725.13c.1:pep	locus_exact	matched
PomBase	SPBC725.16	res1	E	SPBC725.16.1:pep	locus_exact	matched
PomBase	SPBC725.17c	rrn11	E	SPBC725.17c.1:pep	locus_exact	matched
PomBase	SPBC776.07	mam33	E	SPBC776.07.1:pep	locus_exact	matched
PomBase	SPBC776.08c	utp22	E	SPBC776.08c.1:pep	locus_exact	matched
PomBase	SPBC776.10c	cog6	E	SPBC776.10c.1:pep	locus_exact	matched
PomBase	SPBC776.12c	hsk1	E	SPBC776.12c.1:pep	locus_exact	matched
PomBase	SPBC776.13	cnd1	E	SPBC776.13.1:pep	locus_exact	matched
PomBase	SPBC776.18c	pmh1	E	SPBC776.18c.1:pep	locus_exact	matched
PomBase	SPBC800.06	brx1	E	SPBC800.06.1:pep	locus_exact	matched
PomBase	SPBC800.13	cnp20	E	SPBC800.13.1:pep	locus_exact	matched
PomBase	SPBC83.06c	SPBC83.06c	E	SPBC83.06c.1:pep	locus_exact	matched
PomBase	SPBC83.07	jmj3	E	SPBC83.07.1:pep	locus_exact	matched
PomBase	SPBC83.08	rvb2	E	SPBC83.08.1:pep	locus_exact	matched
PomBase	SPBC83.14c	rfc5	E	SPBC83.14c.1:pep	locus_exact	matched
PomBase	SPBC83.15	wdr74	E	SPBC83.15.1:pep	locus_exact	matched
PomBase	SPBC839.08c	its8	E	SPBC839.08c.1:pep	locus_exact	matched
PomBase	SPBC839.09c	mrp21	E	SPBC839.09c.1:pep	locus_exact	matched
PomBase	SPBC839.10	usp107	E	SPBC839.10.1:pep	locus_exact	matched
PomBase	SPBC839.12	rpc31	E	SPBC839.12.1:pep	locus_exact	matched
PomBase	SPBC887.03c	noc3	E	SPBC887.03c.1:pep	locus_exact	matched
PomBase	SPBC887.07	mrpl38	E	SPBC887.07.1:pep	locus_exact	matched
PomBase	SPBC887.09c	sog2	E	SPBC887.09c.1:pep	locus_exact	matched
PomBase	SPBC887.12	SPBC887.12	E	SPBC887.12.1:pep	locus_exact	matched
PomBase	SPBC887.13c	cem1	E	SPBC887.13c.1:pep	locus_exact	matched
PomBase	SPBC887.14c	pfh1	E	SPBC887.14c.1:pep	locus_exact	matched
PomBase	SPBC887.17	SPBC887.17	E	SPBC887.17.1:pep	locus_exact	matched
PomBase	SPBC887.19	rft1	E	SPBC887.19.1:pep	locus_exact	matched
PomBase	SPBC887.22	new19	E	SPBC887.22.1:pep	locus_exact	matched
PomBase	SPBC8D2.05c	sfi1	E	SPBC8D2.05c.1:pep	locus_exact	matched
PomBase	SPBC8D2.06	irs1	E	SPBC8D2.06.1:pep	locus_exact	matched
PomBase	SPBC8D2.07c	sfc9	E	SPBC8D2.07c.1:pep	locus_exact	matched
PomBase	SPBC8D2.09c	msl1	E	SPBC8D2.09c.1:pep	locus_exact	matched
PomBase	SPBC8D2.13	shq1	E	SPBC8D2.13.1:pep	locus_exact	matched
PomBase	SPBC8D2.14c	sed5	E	SPBC8D2.14c.1:pep	locus_exact	matched
PomBase	SPBC8D2.15	lip5	E	SPBC8D2.15.1:pep	locus_exact	matched
PomBase	SPBC8D2.20c	sec31	E	SPBC8D2.20c.1:pep	locus_exact	matched
PomBase	SPBC947.07	rrp1402	E	SPBC947.07.1:pep	locus_exact	matched
PomBase	SPBC947.12	kms2	E	SPBC947.12.1:pep	locus_exact	matched
PomBase	SPBC9B6.04c	tuf1	E	SPBC9B6.04c.1:pep	locus_exact	matched
PomBase	SPBC9B6.05c	lsm3	E	SPBC9B6.05c.1:pep	locus_exact	matched
PomBase	SPBC9B6.06	mrpl10	E	SPBC9B6.06.1:pep	locus_exact	matched
PomBase	SPBC9B6.08	clc1	E	SPBC9B6.08.1:pep	locus_exact	matched
PomBase	SPBC9B6.10	cdc37	E	SPBC9B6.10.1:pep	locus_exact	matched
PomBase	SPBP16F5.02	mcs2	E	SPBP16F5.02.1:pep	locus_exact	matched
PomBase	SPBP16F5.06	nop8	E	SPBP16F5.06.1:pep	locus_exact	matched
PomBase	SPBP18G5.02	pgs1	E	SPBP18G5.02.1:pep	locus_exact	matched
PomBase	SPBP19A11.01	gcv3	E	SPBP19A11.01.1:pep	locus_exact	matched
PomBase	SPBP19A11.03c	mts4	E	SPBP19A11.03c.1:pep	locus_exact	matched
PomBase	SPBP19A11.04c	mor2	E	SPBP19A11.04c.1:pep	locus_exact	matched
PomBase	SPBP19A11.06	lid2	E	SPBP19A11.06.1:pep	locus_exact	matched
PomBase	SPBP22H7.02c	mrd1	E	SPBP22H7.02c.1:pep	locus_exact	matched
PomBase	SPBP22H7.03	sbg1	E	SPBP22H7.03.1:pep	locus_exact	matched
PomBase	SPBP22H7.07	prp5	E	SPBP22H7.07.1:pep	locus_exact	matched
PomBase	SPBP22H7.09c	mis15	E	SPBP22H7.09c.1:pep	locus_exact	matched
PomBase	SPBP23A10.04	apc2	E	SPBP23A10.04.1:pep	locus_exact	matched
PomBase	SPBP23A10.05	ssr4	E	SPBP23A10.05.1:pep	locus_exact	matched
PomBase	SPBP23A10.06	mtm1	E	SPBP23A10.06.1:pep	locus_exact	matched
PomBase	SPBP23A10.07	rpa2	E	SPBP23A10.07.1:pep	locus_exact	matched
PomBase	SPBP23A10.08	alp5	E	SPBP23A10.08.1:pep	locus_exact	matched
PomBase	SPBP23A10.09	psf1	E	SPBP23A10.09.1:pep	locus_exact	matched
PomBase	SPBP23A10.13	orc4	E	SPBP23A10.13.1:pep	locus_exact	matched
PomBase	SPBP23A10.15c	qcr1	E	SPBP23A10.15c.1:pep	locus_exact	matched
PomBase	SPBP35G2.09	usp103	E	SPBP35G2.09.1:pep	locus_exact	matched
PomBase	SPBP4H10.06c	cut14	E	SPBP4H10.06c.1:pep	locus_exact	matched
PomBase	SPBP4H10.15	aco2	E	SPBP4H10.15.1:pep	locus_exact	matched
PomBase	SPBP4H10.21c	sld5	E	SPBP4H10.21c.1:pep	locus_exact	matched
PomBase	SPBP8B7.01c	pop7	E	SPBP8B7.01c.1:pep	locus_exact	matched
PomBase	SPBP8B7.03c	rpl402	E	SPBP8B7.03c.1:pep	locus_exact	matched
PomBase	SPBP8B7.05c	nce103	E	SPBP8B7.05c.1:pep	locus_exact	matched
PomBase	SPBP8B7.12c	fta3	E	SPBP8B7.12c.1:pep	locus_exact	matched
PomBase	SPBP8B7.14c	dpb2	E	SPBP8B7.14c.1:pep	locus_exact	matched
PomBase	SPBP8B7.15c	mpe1	E	SPBP8B7.15c.1:pep	locus_exact	matched
PomBase	SPBP8B7.16c	dbp2	E	SPBP8B7.16c.1:pep	locus_exact	matched
PomBase	SPBP8B7.17c	SPBP8B7.17c	E	SPBP8B7.17c.1:pep	locus_exact	matched
PomBase	SPBP8B7.19	spt16	E	SPBP8B7.19.1:pep	locus_exact	matched
PomBase	SPBP8B7.20c	nop2	E	SPBP8B7.20c.1:pep	locus_exact	matched
PomBase	SPBP8B7.29	abz1	E	SPBP8B7.29.1:pep	locus_exact	matched
PomBase	SPBPJ4664.01	dps1	E	SPBPJ4664.01.1:pep	locus_exact	matched
PomBase	SPBPJ4664.04	cop1	E	SPBPJ4664.04.1:pep	locus_exact	matched
PomBase	SPCC1020.02	spc7	E	SPCC1020.02.1:pep	locus_exact	matched
PomBase	SPCC1020.04c	rpb6	E	SPCC1020.04c.1:pep	locus_exact	matched
PomBase	SPCC10H11.01	prp11	E	SPCC10H11.01.1:pep	locus_exact	matched
PomBase	SPCC10H11.02	cwf23	E	SPCC10H11.02.1:pep	locus_exact	matched
PomBase	SPCC1183.01	sec15	E	SPCC1183.01.1:pep	locus_exact	matched
PomBase	SPCC1183.03c	fxn1	E	SPCC1183.03c.1:pep	locus_exact	matched
PomBase	SPCC1183.07	rrp5	E	SPCC1183.07.1:pep	locus_exact	matched
PomBase	SPCC1183.08c	rpl101	E	SPCC1183.08c.1:pep	locus_exact	matched
PomBase	SPCC11E10.02c	gpi8	E	SPCC11E10.02c.1:pep	locus_exact	matched
PomBase	SPCC1223.08c	dfr1	E	SPCC1223.08c.1:pep	locus_exact	matched
PomBase	SPCC1223.14	aro2	E	SPCC1223.14.1:pep	locus_exact	matched
PomBase	SPCC1235.07	fta7	E	SPCC1235.07.1:pep	locus_exact	matched
PomBase	SPCC1235.10c	sec6	E	SPCC1235.10c.1:pep	locus_exact	matched
PomBase	SPCC1235.16	vma21	E	SPCC1235.16.1:pep	locus_exact	matched
PomBase	SPCC1259.06	taf8	E	SPCC1259.06.1:pep	locus_exact	matched
PomBase	SPCC1259.07	rxt3	E	SPCC1259.07.1:pep	locus_exact	matched
PomBase	SPCC1259.15c	ubc11	E	SPCC1259.15c.1:pep	locus_exact	matched
PomBase	SPCC126.05c	mrpl17	E	SPCC126.05c.1:pep	locus_exact	matched
PomBase	SPCC126.14	prp18	E	SPCC126.14.1:pep	locus_exact	matched
PomBase	SPCC1281.01	ags1	E	SPCC1281.01.1:pep	locus_exact	matched
PomBase	SPCC1281.02c	spf30	E	SPCC1281.02c.1:pep	locus_exact	matched
PomBase	SPCC1281.05	rsc7	E	SPCC1281.05.1:pep	locus_exact	matched
PomBase	SPCC1281.06c	ole1	E	SPCC1281.06c.1:pep	locus_exact	matched
PomBase	SPCC1322.04	fyu1	E	SPCC1322.04.1:pep	locus_exact	matched
PomBase	SPCC1322.11	rpl2302	E	SPCC1322.11.1:pep	locus_exact	matched
PomBase	SPCC1322.13	ade6	E	SPCC1322.13.1:pep	locus_exact	matched
PomBase	SPCC1393.04	fta4	E	SPCC1393.04.1:pep	locus_exact	matched
PomBase	SPCC1393.06c	ipi1	E	SPCC1393.06c.1:pep	locus_exact	matched
PomBase	SPCC1393.11	mrpl20	E	SPCC1393.11.1:pep	locus_exact	matched
PomBase	SPCC1442.06	pre8	E	SPCC1442.06.1:pep	locus_exact	matched
PomBase	SPCC1442.09	trp3	E	SPCC1442.09.1:pep	locus_exact	matched
PomBase	SPCC1442.10c	rpb3	E	SPCC1442.10c.1:pep	locus_exact	matched
PomBase	SPCC1442.12	pps1	E	SPCC1442.12.1:pep	locus_exact	matched
PomBase	SPCC1450.04	tef5	E	SPCC1450.04.1:pep	locus_exact	matched
PomBase	SPCC1450.10c	nar1	E	SPCC1450.10c.1:pep	locus_exact	matched
PomBase	SPCC1450.13c	rib5	E	SPCC1450.13c.1:pep	locus_exact	matched
PomBase	SPCC1450.14c	ero12	E	SPCC1450.14c.1:pep	locus_exact	matched
PomBase	SPCC1450.15	SPCC1450.15	E	SPCC1450.15.1:pep	locus_exact	matched
PomBase	SPCC1494.02c	taf13	E	SPCC1494.02c.1:pep	locus_exact	matched
PomBase	SPCC1494.06c	dbp9	E	SPCC1494.06c.1:pep	locus_exact	matched
PomBase	SPCC14G10.01	cab5	E	SPCC14G10.01.1:pep	locus_exact	matched
PomBase	SPCC14G10.02	urb1	E	SPCC14G10.02.1:pep	locus_exact	matched
PomBase	SPCC162.05	coq3	E	SPCC162.05.1:pep	locus_exact	matched
PomBase	SPCC162.07	ent1	E	SPCC162.07.1:pep	locus_exact	matched
PomBase	SPCC162.08c	nup211	E	SPCC162.08c.1:pep	locus_exact	matched
PomBase	SPCC162.09c	hmg1	E	SPCC162.09c.1:pep	locus_exact	matched
PomBase	SPCC1620.01c	lsm2	E	SPCC1620.01c.1:pep	locus_exact	matched
PomBase	SPCC1620.05	bet4	E	SPCC1620.05.1:pep	locus_exact	matched
PomBase	SPCC1620.06c	SPCC1620.06c	E	SPCC1620.06c.1:pep	locus_exact	matched
PomBase	SPCC1620.09c	tfg1	E	SPCC1620.09c.1:pep	locus_exact	matched
PomBase	SPCC1620.10	cwf26	E	SPCC1620.10.1:pep	locus_exact	matched
PomBase	SPCC1620.11	nup97	E	SPCC1620.11.1:pep	locus_exact	matched
PomBase	SPCC1672.01	SPCC1672.01	E	SPCC1672.01.1:pep	locus_exact	matched
PomBase	SPCC1672.02c	sap1	E	SPCC1672.02c.1:pep	locus_exact	matched
PomBase	SPCC1672.05c	yrs1	E	SPCC1672.05c.1:pep	locus_exact	matched
PomBase	SPCC1672.07	utp21	E	SPCC1672.07.1:pep	locus_exact	matched
PomBase	SPCC1672.08c	tfa2	E	SPCC1672.08c.1:pep	locus_exact	matched
PomBase	SPCC1672.10	mis16	E	SPCC1672.10.1:pep	locus_exact	matched
PomBase	SPCC1682.02c	mcm3	E	SPCC1682.02c.1:pep	locus_exact	matched
PomBase	SPCC1682.03c	mug174	E	SPCC1682.03c.1:pep	locus_exact	matched
PomBase	SPCC1682.04	cdc31	E	SPCC1682.04.1:pep	locus_exact	matched
PomBase	SPCC1682.05c	srp68	E	SPCC1682.05c.1:pep	locus_exact	matched
PomBase	SPCC1682.07	ssl1	E	SPCC1682.07.1:pep	locus_exact	matched
PomBase	SPCC1682.09c	ggc1	E	SPCC1682.09c.1:pep	locus_exact	matched
PomBase	SPCC1682.10	rpn8	E	SPCC1682.10.1:pep	locus_exact	matched
PomBase	SPCC16A11.02	utp13	E	SPCC16A11.02.1:pep	locus_exact	matched
PomBase	SPCC16A11.05c	dim1	E	SPCC16A11.05c.1:pep	locus_exact	matched
PomBase	SPCC16A11.06c	gpi10	E	SPCC16A11.06c.1:pep	locus_exact	matched
PomBase	SPCC16A11.09c	tim23	E	SPCC16A11.09c.1:pep	locus_exact	matched
PomBase	SPCC16A11.11	mrpl31	E	SPCC16A11.11.1:pep	locus_exact	matched
PomBase	SPCC16A11.13	luc7	E	SPCC16A11.13.1:pep	locus_exact	matched
PomBase	SPCC16A11.14	sfh1	E	SPCC16A11.14.1:pep	locus_exact	matched
PomBase	SPCC16A11.17	mcm4	E	SPCC16A11.17.1:pep	locus_exact	matched
PomBase	SPCC16C4.02c	SPCC16C4.02c	E	SPCC16C4.02c.1:pep	locus_exact	matched
PomBase	SPCC16C4.05	pop23	E	SPCC16C4.05.1:pep	locus_exact	matched
PomBase	SPCC16C4.08c	skb15	E	SPCC16C4.08c.1:pep	locus_exact	matched
PomBase	SPCC16C4.15	rml2	E	SPCC16C4.15.1:pep	locus_exact	matched
PomBase	SPCC16C4.18c	taf6	E	SPCC16C4.18c.1:pep	locus_exact	matched
PomBase	SPCC16C4.19	rpp21	E	SPCC16C4.19.1:pep	locus_exact	matched
PomBase	SPCC1739.02c	mrpl22	E	SPCC1739.02c.1:pep	locus_exact	matched
PomBase	SPCC1739.07	cti1	E	SPCC1739.07.1:pep	locus_exact	matched
PomBase	SPCC1739.11c	cdc11	E	SPCC1739.11c.1:pep	locus_exact	matched
PomBase	SPCC1739.12	ppe1	E	SPCC1739.12.1:pep	locus_exact	matched
PomBase	SPCC1739.13	ssa2	E	SPCC1739.13.1:pep	locus_exact	matched
PomBase	SPCC1739.15	wtf21	E	SPCC1739.15.1:pep	locus_exact	matched
PomBase	SPCC1753.01c	ssb2	E	SPCC1753.01c.1:pep	locus_exact	matched
PomBase	SPCC1753.04	tol1	E	SPCC1753.04.1:pep	locus_exact	matched
PomBase	SPCC1795.04c	pre10	E	SPCC1795.04c.1:pep	locus_exact	matched
PomBase	SPCC1795.05c	ura6	E	SPCC1795.05c.1:pep	locus_exact	matched
PomBase	SPCC1795.07	sws2	E	SPCC1795.07.1:pep	locus_exact	matched
PomBase	SPCC1795.08c	vid21	E	SPCC1795.08c.1:pep	locus_exact	matched
PomBase	SPCC1795.11	sum3	E	SPCC1795.11.1:pep	locus_exact	matched
PomBase	SPCC18.04	pof6	E	SPCC18.04.1:pep	locus_exact	matched
PomBase	SPCC18.05c	rsa4	E	SPCC18.05c.1:pep	locus_exact	matched
PomBase	SPCC18.07	rpc53	E	SPCC18.07.1:pep	locus_exact	matched
PomBase	SPCC18.08	SPCC18.08	E	SPCC18.08.1:pep	locus_exact	matched
PomBase	SPCC18.12c	utp23	E	SPCC18.12c.1:pep	locus_exact	matched
PomBase	SPCC18.14c	rpp0	E	SPCC18.14c.1:pep	locus_exact	matched
PomBase	SPCC18.16c	fmn1	E	SPCC18.16c.1:pep	locus_exact	matched
PomBase	SPCC1827.01c	utp25	E	SPCC1827.01c.1:pep	locus_exact	matched
PomBase	SPCC1827.05c	SPCC1827.05c	E	SPCC1827.05c.1:pep	locus_exact	matched
PomBase	SPCC1827.06c	SPCC1827.06c	E	SPCC1827.06c.1:pep	locus_exact	matched
PomBase	SPCC1840.01c	mog1	E	SPCC1840.01c.1:pep	locus_exact	matched
PomBase	SPCC1840.02c	bgs4	E	SPCC1840.02c.1:pep	locus_exact	matched
PomBase	SPCC188.03	cnd3	E	SPCC188.03.1:pep	locus_exact	matched
PomBase	SPCC188.04c	spc25	E	SPCC188.04c.1:pep	locus_exact	matched
PomBase	SPCC188.06c	srp54	E	SPCC188.06c.1:pep	locus_exact	matched
PomBase	SPCC188.11	prp45	E	SPCC188.11.1:pep	locus_exact	matched
PomBase	SPCC1884.02	nic1	E	SPCC1884.02.1:pep	locus_exact	matched
PomBase	SPCC18B5.04	rsm18	E	SPCC18B5.04.1:pep	locus_exact	matched
PomBase	SPCC18B5.08c	ism1	E	SPCC18B5.08c.1:pep	locus_exact	matched
PomBase	SPCC1906.01	mpg1	E	SPCC1906.01.1:pep	locus_exact	matched
PomBase	SPCC191.07	cyc1	E	SPCC191.07.1:pep	locus_exact	matched
PomBase	SPCC191.08	lto1	E	SPCC191.08.1:pep	locus_exact	matched
PomBase	SPCC1919.02	pbn1	E	SPCC1919.02.1:pep	locus_exact	matched
PomBase	SPCC1919.08c	mrpl33	E	SPCC1919.08c.1:pep	locus_exact	matched
PomBase	SPCC1919.10c	myo52	E	SPCC1919.10c.1:pep	locus_exact	matched
PomBase	SPCC1919.14c	bdp1	E	SPCC1919.14c.1:pep	locus_exact	matched
PomBase	SPCC24B10.05	tim9	E	SPCC24B10.05.1:pep	locus_exact	matched
PomBase	SPCC285.03	dbp6	E	SPCC285.03.1:pep	locus_exact	matched
PomBase	SPCC285.08	ret2	E	SPCC285.08.1:pep	locus_exact	matched
PomBase	SPCC285.12	lsm7	E	SPCC285.12.1:pep	locus_exact	matched
PomBase	SPCC290.02	rpc34	E	SPCC290.02.1:pep	locus_exact	matched
PomBase	SPCC290.03c	nup186	E	SPCC290.03c.1:pep	locus_exact	matched
PomBase	SPCC297.03	ssp1	E	SPCC297.03.1:pep	locus_exact	matched
PomBase	SPCC2H8.04	SPCC2H8.04	E	SPCC2H8.04.1:pep	locus_exact	matched
PomBase	SPCC306.03c	cnd2	E	SPCC306.03c.1:pep	locus_exact	matched
PomBase	SPCC306.06c	big1	E	SPCC306.06c.1:pep	locus_exact	matched
PomBase	SPCC31H12.07	sec231	E	SPCC31H12.07.1:pep	locus_exact	matched
PomBase	SPCC320.09	hem15	E	SPCC320.09.1:pep	locus_exact	matched
PomBase	SPCC320.10	srp72	E	SPCC320.10.1:pep	locus_exact	matched
PomBase	SPCC320.11c	nip7	E	SPCC320.11c.1:pep	locus_exact	matched
PomBase	SPCC320.13c	ark1	E	SPCC320.13c.1:pep	locus_exact	matched
PomBase	SPCC330.04c	mug135	E	SPCC330.04c.1:pep	locus_exact	matched
PomBase	SPCC330.08	alg11	E	SPCC330.08.1:pep	locus_exact	matched
PomBase	SPCC330.09	enp2	E	SPCC330.09.1:pep	locus_exact	matched
PomBase	SPCC330.10	pcm1	E	SPCC330.10.1:pep	locus_exact	matched
PomBase	SPCC330.13	rpc37	E	SPCC330.13.1:pep	locus_exact	matched
PomBase	SPCC338.13	cog4	E	SPCC338.13.1:pep	locus_exact	matched
PomBase	SPCC338.15	wbp1	E	SPCC338.15.1:pep	locus_exact	matched
PomBase	SPCC338.17c	rad21	E	SPCC338.17c.1:pep	locus_exact	matched
PomBase	SPCC364.06	nap1	E	SPCC364.06.1:pep	locus_exact	matched
PomBase	SPCC417.08	tef3	E	SPCC417.08.1:pep	locus_exact	matched
PomBase	SPCC4B3.09c	mrpl12	E	SPCC4B3.09c.1:pep	locus_exact	matched
PomBase	SPCC4B3.14	cwf20	E	SPCC4B3.14.1:pep	locus_exact	matched
PomBase	SPCC4B3.18	ppc1	E	SPCC4B3.18.1:pep	locus_exact	matched
PomBase	SPCC4G3.04c	coq5	E	SPCC4G3.04c.1:pep	locus_exact	matched
PomBase	SPCC4G3.06c	mrpl4	E	SPCC4G3.06c.1:pep	locus_exact	matched
PomBase	SPCC4G3.07c	phf1	E	SPCC4G3.07c.1:pep	locus_exact	matched
PomBase	SPCC4G3.14	mdj1	E	SPCC4G3.14.1:pep	locus_exact	matched
PomBase	SPCC4G3.16	rib2	E	SPCC4G3.16.1:pep	locus_exact	matched
PomBase	SPCC4G3.18	rix1	E	SPCC4G3.18.1:pep	locus_exact	matched
PomBase	SPCC550.02c	cwf5	E	SPCC550.02c.1:pep	locus_exact	matched
PomBase	SPCC550.04c	gpi2	E	SPCC550.04c.1:pep	locus_exact	matched
PomBase	SPCC550.05	nse1	E	SPCC550.05.1:pep	locus_exact	matched
PomBase	SPCC550.06c	hsp10	E	SPCC550.06c.1:pep	locus_exact	matched
PomBase	SPCC550.13	dfp1	E	SPCC550.13.1:pep	locus_exact	matched
PomBase	SPCC553.02	qns1	E	SPCC553.02.1:pep	locus_exact	matched
PomBase	SPCC553.06	swp1	E	SPCC553.06.1:pep	locus_exact	matched
PomBase	SPCC553.09c	spb70	E	SPCC553.09c.1:pep	locus_exact	matched
PomBase	SPCC553.11c	toa2	E	SPCC553.11c.1:pep	locus_exact	matched
PomBase	SPCC576.01c	xan1	E	SPCC576.01c.1:pep	locus_exact	matched
PomBase	SPCC576.03c	tpx1	E	SPCC576.03c.1:pep	locus_exact	matched
PomBase	SPCC576.05	sac3	E	SPCC576.05.1:pep	locus_exact	matched
PomBase	SPCC576.06c	SPCC576.06c	E	SPCC576.06c.1:pep	locus_exact	matched
PomBase	SPCC576.07	ret3	E	SPCC576.07.1:pep	locus_exact	matched
PomBase	SPCC576.08c	rps2	E	SPCC576.08c.1:pep	locus_exact	matched
PomBase	SPCC576.09	rps20	E	SPCC576.09.1:pep	locus_exact	matched
PomBase	SPCC576.10c	rpt3	E	SPCC576.10c.1:pep	locus_exact	matched
PomBase	SPCC576.15c	ksg1	E	SPCC576.15c.1:pep	locus_exact	matched
PomBase	SPCC584.04	sup35	E	SPCC584.04.1:pep	locus_exact	matched
PomBase	SPCC584.05	sec1	E	SPCC584.05.1:pep	locus_exact	matched
PomBase	SPCC584.14	mug160	E	SPCC584.14.1:pep	locus_exact	matched
PomBase	SPCC5E4.03c	taf5	E	SPCC5E4.03c.1:pep	locus_exact	matched
PomBase	SPCC5E4.04	cut1	E	SPCC5E4.04.1:pep	locus_exact	matched
PomBase	SPCC5E4.06	smc6	E	SPCC5E4.06.1:pep	locus_exact	matched
PomBase	SPCC61.01c	str2	E	SPCC61.01c.1:pep	locus_exact	matched
PomBase	SPCC61.04c	SPCC61.04c	E	SPCC61.04c.1:pep	locus_exact	matched
PomBase	SPCC613.04c	rng3	E	SPCC613.04c.1:pep	locus_exact	matched
PomBase	SPCC613.05c	rpl35	E	SPCC613.05c.1:pep	locus_exact	matched
PomBase	SPCC613.09	sen54	E	SPCC613.09.1:pep	locus_exact	matched
PomBase	SPCC622.09	htb1	E	SPCC622.09.1:pep	locus_exact	matched
PomBase	SPCC622.10c	sec5	E	SPCC622.10c.1:pep	locus_exact	matched
PomBase	SPCC622.13c	tti1	E	SPCC622.13c.1:pep	locus_exact	matched
PomBase	SPCC63.05	tap42	E	SPCC63.05.1:pep	locus_exact	matched
PomBase	SPCC63.07	thg1	E	SPCC63.07.1:pep	locus_exact	matched
PomBase	SPCC63.10c	sec59	E	SPCC63.10c.1:pep	locus_exact	matched
PomBase	SPCC63.11	prp28	E	SPCC63.11.1:pep	locus_exact	matched
PomBase	SPCC63.12c	pup3	E	SPCC63.12c.1:pep	locus_exact	matched
PomBase	SPCC645.03c	isa1	E	SPCC645.03c.1:pep	locus_exact	matched
PomBase	SPCC645.04	nse3	E	SPCC645.04.1:pep	locus_exact	matched
PomBase	SPCC645.05c	myo2	E	SPCC645.05c.1:pep	locus_exact	matched
PomBase	SPCC645.06c	rgf3	E	SPCC645.06c.1:pep	locus_exact	matched
PomBase	SPCC645.09	mrpl37	E	SPCC645.09.1:pep	locus_exact	matched
PomBase	SPCC645.10	cca2	E	SPCC645.10.1:pep	locus_exact	matched
PomBase	SPCC663.05c	cia1	E	SPCC663.05c.1:pep	locus_exact	matched
PomBase	SPCC70.05c	nnk1	E	SPCC70.05c.1:pep	locus_exact	matched
PomBase	SPCC70.07c	tmp1	E	SPCC70.07c.1:pep	locus_exact	matched
PomBase	SPCC736.03c	msf1	E	SPCC736.03c.1:pep	locus_exact	matched
PomBase	SPCC736.10c	mrps8	E	SPCC736.10c.1:pep	locus_exact	matched
PomBase	SPCC736.12c	mmi1	E	SPCC736.12c.1:pep	locus_exact	matched
PomBase	SPCC736.14	dis1	E	SPCC736.14.1:pep	locus_exact	matched
PomBase	SPCC737.08	mdn1	E	SPCC737.08.1:pep	locus_exact	matched
PomBase	SPCC74.01	sly1	E	SPCC74.01.1:pep	locus_exact	matched
PomBase	SPCC757.08	rrp45	E	SPCC757.08.1:pep	locus_exact	matched
PomBase	SPCC757.10	vph2	E	SPCC757.10.1:pep	locus_exact	matched
PomBase	SPCC777.05	gtr2	E	SPCC777.05.1:pep	locus_exact	matched
PomBase	SPCC777.10c	ubc12	E	SPCC777.10c.1:pep	locus_exact	matched
PomBase	SPCC777.11	gta3	E	SPCC777.11.1:pep	locus_exact	matched
PomBase	SPCC777.14	prp4	E	SPCC777.14.1:pep	locus_exact	matched
PomBase	SPCC790.02	pep3	E	SPCC790.02.1:pep	locus_exact	matched
PomBase	SPCC790.03	rbd2	E	SPCC790.03.1:pep	locus_exact	matched
PomBase	SPCC825.02	gbs1	E	SPCC825.02.1:pep	locus_exact	matched
PomBase	SPCC825.03c	psy1	E	SPCC825.03c.1:pep	locus_exact	matched
PomBase	SPCC830.03	grc3	E	SPCC830.03.1:pep	locus_exact	matched
PomBase	SPCC830.05c	epl1	E	SPCC830.05c.1:pep	locus_exact	matched
PomBase	SPCC830.09c	pop5	E	SPCC830.09c.1:pep	locus_exact	matched
PomBase	SPCC830.11c	fap7	E	SPCC830.11c.1:pep	locus_exact	matched
PomBase	SPCC895.03c	sua5	E	SPCC895.03c.1:pep	locus_exact	matched
PomBase	SPCC895.04c	ufe1	E	SPCC895.04c.1:pep	locus_exact	matched
PomBase	SPCC895.05	for3	E	SPCC895.05.1:pep	locus_exact	matched
PomBase	SPCC962.02c	bir1	E	SPCC962.02c.1:pep	locus_exact	matched
PomBase	SPCC962.03c	cut15	E	SPCC962.03c.1:pep	locus_exact	matched
PomBase	SPCC962.06c	bpb1	E	SPCC962.06c.1:pep	locus_exact	matched
PomBase	SPCC965.03	vma8	E	SPCC965.03.1:pep	locus_exact	matched
PomBase	SPCC970.03	cbr1	E	SPCC970.03.1:pep	locus_exact	matched
PomBase	SPCC970.04c	mob2	E	SPCC970.04c.1:pep	locus_exact	matched
PomBase	SPCC970.08	kcs1	E	SPCC970.08.1:pep	locus_exact	matched
PomBase	SPCC970.09	sec8	E	SPCC970.09.1:pep	locus_exact	matched
PomBase	SPCC970.12	mis18	E	SPCC970.12.1:pep	locus_exact	matched
PomBase	SPCP1E11.08	nsa2	E	SPCP1E11.08.1:pep	locus_exact	matched
PomBase	SPCP25A2.03	tho1	E	SPCP25A2.03.1:pep	locus_exact	matched
PomBase	SPCP31B10.08c	rpl35a	E	SPCP31B10.08c.1:pep	locus_exact	matched
PomBase	SPAC7D4.15c	ost4	E	NA	NA	unmatched
PomBase	SPATRNAALA.02	scn2	E	NA	NA	unmatched
PomBase	SPATRNAALA.03	scn1	E	NA	NA	unmatched
PomBase	SPATRNAPRO.02	spl1	E	NA	NA	unmatched
PomBase	SPNCRNA.128	rrk1	E	NA	NA	unmatched
PomBase	SPNCRNA.82	mrp1	E	NA	NA	unmatched
PomBase	SPNCRNA.98	srp7	E	NA	NA	unmatched
PomBase	SPSNRNA.01	snu1	E	NA	NA	unmatched
PomBase	SPSNRNA.04	snu4	E	NA	NA	unmatched
